"","author","year","region","species","family","genus","environment","climate","feeding.type","feeding.habit","TL","min.size","float.meth","dig.meth","count.meth","polymer.meth","maj.fib","maj.under.one.mm","FLprod","TL.1prod","Wprod","GWprod","N","IRprod","Mpsgutprod","SDMPsgutprod","FL","TL.1","W","GW","IR","Mpsgut","SDMPsgut"
"1","Abasi et al.",2017,"Western Indian Ocean","Cynoglossus abbreviatus","Cynoglossidae","Cynoglossus","Demersal","Deep-water","mainly animals","hunting macrofauna",3.5,2,"NaI","H2O2, KOH, HClO4, HNo3","","Polerized, Fluorescence, SEM","yes","yes",890.0630304425,NA,NA,NA,62.90198095,NA,93.1403514639067,NA,14.15,NA,NA,NA,NA,1.48072207038985,NA
"2","Abasi et al.",2018,"Western Indian Ocean","Cynoglossus abbreviatus","Cynoglossidae","Cynoglossus","Demersal","Deep-water","mainly animals","hunting macrofauna",3.5,2,"NaI","H2O2, KOH, HClO4, HNo3","","Polerized, Fluorescence, SEM","yes","yes",270.6,NA,NA,NA,11,NA,31.9,NA,24.6,NA,NA,NA,NA,2.9,NA
"3","Abasi et al.",2018,"Western Indian Ocean","Platycephalus indicus","Platycephalidae","Platycephalus","Reef-associated","Subtropical","mainly animals","hunting macrofauna",3.6,2,"NaI","H2O2, KOH, HClO4, HNo3","Visual","Polerized, Fluorescence, SEM","yes","yes",228,NA,NA,NA,12,NA,27.6,NA,19,NA,NA,NA,NA,2.3,NA
"4","Abasi et al.",2018,"Western Indian Ocean","Saurida tumbil","Synodontidae","Saurida","Reef-associated","Tropical","mainly animals","hunting macrofauna",4.4,2,"NaI","H2O2, KOH, HClO4, HNo3","","Polerized, Fluorescence, SEM","yes","yes",62.8,NA,NA,NA,4,NA,11.2,NA,15.7,NA,NA,NA,NA,2.8,NA
"5","Abasi et al.",2018,"Western Indian Ocean","Sillago sihama","Sillaginidae","Sillago","Reef-associated","Tropical","mainly animals","hunting macrofauna",3.3,2,"NaI","H2O2, KOH, HClO4, HNo3","","Polerized, Fluorescence, SEM","yes","yes",316.2,NA,NA,NA,17,NA,25.5,NA,18.6,NA,NA,NA,NA,1.5,NA
"6","Alomar and Deudero",2017,"Mediterranean and Black Sea","Chimaera monstrosa","Chimaeridae","Chimaera","Bathydemersal","Deep-water","mainly animals","hunting macrofauna",3.5,0,"None","None","Visual","FTIR","","",NA,NA,NA,NA,2,0,NA,NA,NA,NA,NA,NA,0,NA,NA
"7","Alomar and Deudero",2017,"Mediterranean and Black Sea","Etmopterus spinax","Etmopteridae","Etmopterus","Bathydemersal","Deep-water","mainly animals","hunting macrofauna",4.1,0,"None","None","Visual","FTIR","yes","",NA,NA,NA,NA,8,4,NA,NA,NA,NA,NA,NA,0.5,NA,NA
"8","Alomar and Deudero",2017,"Mediterranean and Black Sea","Galeus melastomus","Scyliorhinidae","Galeus","Demersal","Deep-water","mainly animals","hunting macrofauna",4.2,0,"None","None","Visual","FTIR","yes","",NA,3742.5,11342.5,NA,125,21,42.5,8.75,NA,29.94,90.74,NA,0.168,0.34,0.07
"9","Alomar and Deudero",2017,"Mediterranean and Black Sea","Scyliorhinus canicula","Scyliorhinidae","Scyliorhinus","Demersal","Subtropical","mainly animals","hunting macrofauna",3.8,0,"None","None","Visual","FTIR","","",NA,NA,NA,NA,5,0,NA,NA,NA,NA,NA,NA,0,NA,NA
"10","Alomar et al.",2017,"Mediterranean and Black Sea","Mullus surmuletus","Mullidae","Mullus","Demersal","Subtropical","mainly animals","hunting macrofauna",3.5,0,"None","None","Visual","FTIR","yes","",NA,8160.69,45899.19,2043.3,417,113.841,175.14,16.68,NA,19.57,110.07,4.9,0.273,0.42,0.04
"11","Anastopoulou et al.",2018,"Mediterranean and Black Sea","Chelon auratus","Mugilidae","Chelon","Pelagic-neritic","Temperate","plants/detritus+animals","variable",2.8,0,"None","H2O2","Visual","None","yes","",NA,68.6,7296,NA,20,19,190,168,NA,3.43,364.8,NA,0.95,9.5,8.4
"12","Anastopoulou et al.",2018,"Mediterranean and Black Sea","Mullus barbatus","Mullidae","Mullus","Demersal","Subtropical","mainly animals","hunting macrofauna",3.1,0,"None","H2O2","Visual","None","yes","",NA,32.25,713.5,NA,25,8,12.5,20,NA,1.29,28.54,NA,0.32,0.5,0.8
"13","Anastopoulou et al.",2018,"Mediterranean and Black Sea","Mullus surmuletus","Mullidae","Mullus","Demersal","Subtropical","mainly animals","hunting macrofauna",3.5,0,"None","H2O2","Visual","None","yes","",NA,58.5,3495,NA,30,21,54,57,NA,1.95,116.5,NA,0.7,1.8,1.9
"14","Anastopoulou et al.",2018,"Mediterranean and Black Sea","Pagellus erythrinus","Sparidae","Pagellus","Benthopelagic","Subtropical","mainly animals","hunting macrofauna",3.5,0,"None","H2O2","Visual","None","yes","",NA,81.46,3175.17,NA,49,23.0009,45.2,67,NA,1.66244897959184,64.799387755102,NA,0.46940612244898,0.922448979591837,1.36734693877551
"15","Anastopoulou et al.",2018,"Mediterranean and Black Sea","Sardina pilchardus","Clupeidae","Sardina","Pelagic-neritic","Subtropical","plants/detritus+animals","selective plankton feeding",3.1,0,"None","H2O2","Visual","None","yes","",NA,78.9,852.78,NA,66,28.0002,55.8,81.6,NA,1.19545454545455,12.9209090909091,NA,0.424245454545455,0.845454545454545,1.23636363636364
"16","Anastopoulou et al.",2018,"Mediterranean and Black Sea","Solea solea","Soleidae","Solea","Demersal","Subtropical","mainly animals","hunting macrofauna",3.2,0,"None","H2O2","Visual","None","yes","",NA,54.2,3467,NA,20,13,38,54,NA,2.71,173.35,NA,0.65,1.9,2.7
"17","Anastopoulou et al.",2018,"Mediterranean and Black Sea","Sparus aurata","Sparidae","Sparus","Demersal","Subtropical","mainly animals","hunting macrofauna",3.7,0,"None","H2O2","Visual","None","yes","",NA,57,6790,NA,20,20,146,132,NA,2.85,339.5,NA,1,7.3,6.6
"18","Avio et al.",2015,"Mediterranean and Black Sea","Chelidonichthys lucernus","Triglidae","Chelidonichthys","Demersal","Subtropical","mainly animals","hunting macrofauna",4,8,"NaCl","H2O2","Visual","FTIR","","yes",NA,76.2,NA,26.4,3,2.01,3,0,NA,25.4,NA,8.8,0.67,1,0
"19","Avio et al.",2015,"Mediterranean and Black Sea","Merlucius merlucius","Merlucciidae","Merlucius","Demersal","Temperate","mainly animals","hunting macrofauna",4.4,8,"NaCl","H2O2","Visual","FTIR","","yes",NA,105,NA,7.2,3,3,3.99,1.71,NA,35,NA,2.4,1,1.33,0.57
"20","Avio et al.",2015,"Mediterranean and Black Sea","Mullus barbatus","Mullidae","Mullus","Demersal","Subtropical","mainly animals","hunting macrofauna",3.1,8,"NaCl","H2O2","Visual","FTIR","","yes",NA,161.7,NA,12.1,11,7.04,17.27,8.58,NA,14.7,NA,1.1,0.64,1.57,0.78
"21","Avio et al.",2017,"Mediterranean and Black Sea","Phycis phycis","Phycidae","Phycis","Benthopelagic","Subtropical","mainly animals","hunting macrofauna",4.3,8,"NaCl","H2O2","Visual","FTIR","no","yes",NA,258,NA,163,8,7,23.75,5.48,NA,32.25,NA,20.375,0.875,2.96875,0.685
"22","Avio et al.",2015,"Mediterranean and Black Sea","Sardina pilchardus","Clupeidae","Sardina","Pelagic-neritic","Subtropical","plants/detritus+animals","selective plankton feeding",3.1,8,"NaCl","H2O2","Visual","FTIR","","yes",NA,1168.2,NA,77.22,99,18.81,176.22,69.3,NA,11.8,NA,0.78,0.19,1.78,0.7
"23","Avio et al.",2017,"Mediterranean and Black Sea","Spondyliosoma cantharus","Sparidae","Spondyliosoma","Benthopelagic","Subtropical","mainly animals","variable",3.3,8,"NaCl","H2O2","Visual","FTIR","no","yes",NA,153,NA,36,5,5,16.9,3.45,NA,30.6,NA,7.2,1,3.38,0.69
"24","Avio et al.",2015,"Mediterranean and Black Sea","Squalus acanthias","Squalidae","Squalus","Benthopelagic","Temperate","mainly animals","hunting macrofauna",4.4,8,"NaCl","H2O2","Visual","FTIR","","yes",NA,428.4,NA,428.4,9,3.96,11.25,4.5,NA,47.6,NA,47.6,0.44,1.25,0.5
"25","Avio et al.",2017,"Mediterranean and Black Sea","Uranoscupus scaber","Uranoscopidae","Uranoscupus","Demersal","Subtropical","mainly animals","hunting macrofauna",4.4,8,"NaCl","H2O2","Visual","FTIR","no","yes",NA,231,NA,201,9,6.99,26.4,22.71,NA,25.6666666666667,NA,22.3333333333333,0.776666666666667,2.93333333333333,2.52333333333333
"26","Baalkhuyur et al.",2018,"Western Indian Ocean","Abudefduf sexfasciatus","Pomacentridae","Abudefduf","Reef-associated","Tropical","plants/detritus+animals","grazing on aquatic plants",2.7,200,"None","NaOH","Visual","FTIR","yes","no",NA,73.15,304,6.75,5,1,5,NA,NA,14.63,60.8,1.35,0.2,1,NA
"27","Baalkhuyur et al.",2018,"Western Indian Ocean","Acanthurus gahhm","Acanthuridae","Acanthrus","Reef-associated","Tropical","plants/detritus+animals","variable",2.8,200,"None","NaOH","Visual","FTIR","yes","no",NA,338.2,5351,212.7,10,10,10,NA,NA,33.82,535.1,21.27,1,1,NA
"28","Baalkhuyur et al.",2018,"Western Indian Ocean","Acanthurus sohal","Acanthuridae","Acanthurus ","Reef-associated","Tropical","mainly plants/detritus","browsing on substrate",2,200,"None","NaOH","Visual","FTIR","yes","no",NA,56.7,276,11.01,3,0,0,NA,NA,18.9,92,3.67,0,0,NA
"29","Baalkhuyur et al.",2018,"Western Indian Ocean","Benthosema pterotum","Myctophidae","Benthosema","Benthopelagic","Deep-water","mainly animals","selective plankton feeding",3.1,200,"None","NaOH","Visual","FTIR","yes","no",NA,NA,NA,22.4,10,10,10,NA,NA,NA,NA,2.24,1,1,NA
"30","Baalkhuyur et al.",2018,"Western Indian Ocean","Cephalopholis argus","Serranidae","Cephalopholis ","Reef-associated","Tropical","mainly animals","hunting macrofauna",4.5,200,"None","NaOH","Visual","FTIR","yes","no",NA,94.52,804,29,4,0,0,NA,NA,23.63,201,7.25,0,0,NA
"31","Baalkhuyur et al.",2018,"Western Indian Ocean","Chaetodon austriacus","Chaetodontidae","Chaetodon ","Reef-associated","Tropical","mainly animals","hunting macrofauna",3.3,200,"None","NaOH","Visual","FTIR","yes","no",NA,108.2,348,11,10,10,10,NA,NA,10.82,34.8,1.1,1,1,NA
"32","Baalkhuyur et al.",2018,"Western Indian Ocean","Dascyllus trimaculatus","Pomacentridae","Dascyllus","Reef-associated","Tropical","plants/detritus+animals","selective plankton feeding",2.8,200,"None","NaOH","Visual","FTIR","yes","no",NA,21,65,2,2,0,0,NA,NA,10.5,32.5,1,0,0,NA
"33","Baalkhuyur et al.",2018,"Western Indian Ocean","Epinephelus areolatus","Serranidae","Epinephelus ","Reef-associated","Tropical","mainly animals","hunting macrofauna",3.7,200,"None","NaOH","Visual","FTIR","yes","no",NA,142.1,1408,47.15,5,1,5,NA,NA,28.42,281.6,9.43,0.2,1,NA
"34","Baalkhuyur et al.",2018,"Western Indian Ocean","Epinephelus chlorostigma","Serranidae","Epinephelus ","Reef-associated","Tropical","mainly animals","hunting macrofauna",4,200,"None","NaOH","Visual","FTIR","yes","no",NA,108.99,2100.99,36.81,3,0.6,6,NA,NA,36.33,700.33,12.27,0.2,2,NA
"35","Baalkhuyur et al.",2018,"Western Indian Ocean","Epinephelus epistictus","Serranidae","Epinephelus ","Demersal","Tropical","mainly animals","hunting macrofauna",4,200,"None","NaOH","Visual","FTIR","yes","no",NA,157,2122,46,5,1,5,NA,NA,31.4,424.4,9.2,0.2,1,NA
"36","Baalkhuyur et al.",2018,"Western Indian Ocean","Epinephelus radiatus","Serranidae","Ephinephelus","Demersal","Tropical","mainly animals","hunting macrofauna",4,200,"None","NaOH","Visual","FTIR","yes","no",NA,205.38,2515.03,63.98,7,1.0003,7,NA,NA,29.34,359.29,9.14,0.1429,1,NA
"37","Baalkhuyur et al.",2018,"Western Indian Ocean","Gymnocranius grandoculis","Lethrinidae","Gymnocranius","Reef-associated","Tropical","mainly animals","hunting macrofauna",3.8,200,"None","NaOH","Visual","FTIR","yes","no",NA,282.3,3440,52.1,10,3.333,10,NA,NA,28.23,344,5.21,0.3333,1,NA
"38","Baalkhuyur et al.",2018,"Western Indian Ocean","Lethrinus microdon","Lethrinidae","Lethrinus","Reef-associated","Tropical","mainly animals","hunting macrofauna",3.8,200,"None","NaOH","Visual","FTIR","yes","no",NA,295.3,3165,66.6,10,2,20,NA,NA,29.53,316.5,6.66,0.2,2,NA
"39","Baalkhuyur et al.",2018,"Western Indian Ocean","Lipocheilus carnolabrum","Lutjanidae","Lipocheilus","Demersal","Deep-water","mainly animals","hunting macrofauna",3.9,200,"None","NaOH","Visual","FTIR","yes","no",NA,170.73,1498,30.03,7,1.9999,14,NA,NA,24.39,214,4.29,0.2857,2,NA
"40","Baalkhuyur et al.",2018,"Western Indian Ocean","Lutjanus kasmira","Lutjanidae","Lutjanus","Reef-associated","Tropical","mainly animals","hunting macrofauna",3.9,200,"None","NaOH","Visual","FTIR","yes","no",NA,293.4,2798.04,50.64,12,2.0004,24,NA,NA,24.45,233.17,4.22,0.1667,2,NA
"41","Baalkhuyur et al.",2018,"Western Indian Ocean","Maurolicus mucronatus","Sternoptychidae","Maurolicus ","Bathypelagic","Deep-water","","",3.1,200,"None","NaOH","Visual","FTIR","yes","no",NA,NA,NA,23.4,10,10,10,NA,NA,NA,NA,2.34,1,1,NA
"42","Baalkhuyur et al.",2018,"Western Indian Ocean","Naso unicornis","Acanthuridae","Naso","Reef-associated","Tropical","mainly plants/detritus","browsing on substrate",2.2,200,"None","NaOH","Visual","FTIR","yes","no",NA,80,1802,260,2,0,0,NA,NA,40,901,130,0,0,NA
"43","Baalkhuyur et al.",2018,"Western Indian Ocean","Neoniphon sammara","Holocentridae","Neoniphon","Reef-associated","Tropical","mainly animals","hunting macrofauna",3.6,200,"None","NaOH","Visual","FTIR","yes","no",NA,78.1,156,8,5,1,5,NA,NA,15.62,31.2,1.6,0.2,1,NA
"44","Baalkhuyur et al.",2018,"Western Indian Ocean","Parascolopsis eriomma","Nemipteridae","Parascolopsis","Demersal","Tropical","mainly animals","hunting macrofauna",3.5,200,"None","NaOH","Visual","FTIR","yes","no",NA,116.5,855,20.65,5,3,15,NA,NA,23.3,171,4.13,0.6,3,NA
"45","Baalkhuyur et al.",2018,"Western Indian Ocean","Plectorhinchus gaterinus","Haemulidae","Plectorhinchus ","Reef-associated","Tropical","mainly animals","hunting macrofauna",4,200,"None","NaOH","Visual","FTIR","yes","no",NA,159.18,1411.02,37.98,6,1.9998,12,NA,NA,26.53,235.17,6.33,0.3333,2,NA
"46","Baalkhuyur et al.",2018,"Western Indian Ocean","Pristipomoides multidens","Lutjanidae","Pristipomoides ","Demersal","Tropical","mainly animals","hunting macrofauna",3.8,200,"None","NaOH","Visual","FTIR","yes","no",NA,282,2367,54.7,10,2,20,NA,NA,28.2,236.7,5.47,0.2,2,NA
"47","Baalkhuyur et al.",2018,"Western Indian Ocean","Pristipomoides typus","Lutjanidae","Pristipomoides ","Demersal","Tropical","mainly animals","hunting macrofauna",4.2,200,"None","NaOH","Visual","FTIR","yes","no",NA,142.3,1261,18.55,5,0,0,NA,NA,28.46,252.2,3.71,0,0,NA
"48","Baalkhuyur et al.",2018,"Western Indian Ocean","Pygoplites diacanthus","Pomacanthidae","Pygoplites","Reef-associated","Tropical","mainly animals","hunting macrofauna",2.7,200,"None","NaOH","Visual","FTIR","yes","no",NA,70.3,370,38,5,0,0,NA,NA,14.06,74,7.6,0,0,NA
"49","Baalkhuyur et al.",2018,"Western Indian Ocean","Sargocentron spiniferum","Holocentridae","Sargocentron","Reef-associated","Tropical","mainly animals","hunting macrofauna",3.6,200,"None","NaOH","Visual","FTIR","yes","no",NA,153.4,2135,59,5,0,0,NA,NA,30.68,427,11.8,0,0,NA
"50","Baalkhuyur et al.",2018,"Western Indian Ocean","Thalassoma rueppellii","Labridae","Thalassoma","Reef-associated","Tropical","mainly animals","hunting macrofauna",3.5,200,"None","NaOH","Visual","FTIR","yes","no",NA,193.44,591,15.96,12,0.9996,12,NA,NA,16.12,49.25,1.33,0.0833,1,NA
"51","Baalkhuyur et al.",2018,"Western Indian Ocean","Vinciguerria mabahiss","Phosichthyidae","Vinciguerria","Bathypelagic","Deep-water","","",3.1,200,"None","NaOH","Visual","FTIR","yes","no",NA,NA,NA,17.2,10,0,0,NA,NA,NA,NA,1.72,0,0,NA
"52","Beer et al.",2018,"Northeast Atlantic","Clupea harengus","Clupeidae","Clupea","Benthopelagic","Temperate","mainly animals","selective plankton feeding",3.4,100,"None","KOH and NaClO","Visual","None","yes","yes",NA,6075.68,15368.6,NA,299,62.9993,74.75,155.48,NA,20.32,51.4,NA,0.2107,0.25,0.52
"53","Beer et al.",2018,"Northeast Atlantic","Sprattus sprattus","Clupeidae","Sprattus","Pelagic-neritic","Temperate","mainly animals","selective plankton feeding",3,100,"None","KOH and NaClO","Visual","None","yes","yes",NA,296.25,290,NA,25,4.7075,5.25,11.75,NA,11.85,11.6,NA,0.1883,0.21,0.47
"54","Bessa et al.",2017,"Northeast Atlantic","Dicentrarchus labrax","Moronidae","Dicentrarchus","Demersal","Subtropical","mainly animals","hunting macrofauna",3.5,1.2,"None","KOH","Visual","FTIR","yes","",570,NA,2380.4,NA,40,13.2,12,24.4,14.25,NA,59.51,NA,0.33,0.3,0.61
"55","Bessa et al.",2018,"Northeast Atlantic","Dicentrarchus labrax","Moronidae","Dicentrarchus","Demersal","Subtropical","mainly animals","hunting macrofauna",3.5,1.2,"None","KOH","Visual","FTIR","yes","",481.6,NA,1980.4,NA,40,9.2,12,24.4,12.04,NA,49.51,NA,0.23,0.3,0.61
"56","Bessa et al.",2017,"Northeast Atlantic","Diplodus vulgaris","Sparidae","Diplodus","Benthopelagic","Subtropical","mainly animals","hunting macrofauna",3.5,1.2,"None","KOH","Visual","FTIR","yes","",499.6,NA,1526.8,NA,40,28.2,125.6,130,12.49,NA,38.17,NA,0.705,3.14,3.25
"57","Bessa et al.",2018,"Northeast Atlantic","Diplodus vulgaris","Sparidae","Diplodus","Benthopelagic","Subtropical","mainly animals","hunting macrofauna",3.5,1.2,"None","KOH","Visual","FTIR","yes","",499.6,NA,1526.8,NA,40,29.2,125.6,130,12.49,NA,38.17,NA,0.73,3.14,3.25
"58","Bessa et al.",2017,"Northeast Atlantic","Platichthys flesus","Pleuronectidae","Platichthys","Demersal","Temperate","mainly animals","hunting macrofauna",3.3,1.2,"None","KOH","Visual","FTIR","yes","",481.6,NA,1273.6,NA,40,11.8,7.2,22,12.04,NA,31.84,NA,0.295,0.18,0.55
"59","Bessa et al.",2018,"Northeast Atlantic","Platichthys flesus","Pleuronectidae","Platichthys","Demersal","Temperate","mainly animals","hunting macrofauna",3.3,1.2,"None","KOH","Visual","FTIR","yes","",481.6,NA,1273.6,NA,40,5.2,7.2,22,12.04,NA,31.84,NA,0.13,0.18,0.55
"60","Cannon et al.",2016,"Northeast Atlantic","Aldrichetta forsteri ","Mugilidae","Aldrichetta","Demersal","Temperate","plants/detritus+animals","grazing on aquatic plants",2.5,330,"None","None","Visual","FTIR","no","yes",NA,644.3,7536.1,NA,17,0,0,0,NA,37.9,443.3,NA,0,0,0
"61","Cannon et al.",2016,"Northeast Atlantic","Conger verreauxi","Congridae","Conger","Reef-associated","Temperate","","",4.2,330,"None","None","Visual","FTIR","no","yes",NA,NA,NA,NA,25,0,0,0,NA,NA,NA,NA,0,0,0
"62","Cannon et al.",2016,"Antarctic and Southern Indian Ocean","Dissostichus mawsoni ","Nototheniidae","Dissostichus","Pelagic-oceanic","Polar","mainly animals","hunting macrofauna",3.9,330,"None","None","Visual","FTIR","no","yes",NA,1452,314000,NA,10,1,2,36,NA,145.2,31400,NA,0.1,0.2,3.6
"63","Cannon et al.",2016,"Southwest Pacific","Engraulis australis","Engraulidae","Engraulis","Pelagic-neritic","Subtropical","mainly animals","selective plankton feeding",3,330,"None","None","Visual","FTIR","no","yes",NA,103,60,NA,10,0,0,0,NA,10.3,6,NA,0,0,0
"64","Cannon et al.",2016,"Antarctic and Southern Indian Ocean","Gymnoscopelus nicholsi","Myctophidae","Gymnoscopelus","Bathypelagic","Deep-water","mainly animals","selective plankton feeding",3.4,330,"None","None","Visual","FTIR","no","yes",NA,569.4,873.6,NA,39,0,0,0,NA,14.6,22.4,NA,0,0,0
"65","Cannon et al.",2016,"Southwest Pacific","Haletta semifasciata","Odacidae","Haletta","Demersal","Subtropical","mainly animals","hunting macrofauna",3.2,330,"None","None","Visual","FTIR","no","yes",NA,75.2,910.6,NA,2,0,0,0,NA,37.6,455.3,NA,0,0,0
"66","Cannon et al.",2016,"Southwest Pacific","Hyperlophus vittatus","Clupeidae","Hyperlophus","Pelagic-neritic","Temperate","mainly animals","selective plankton feeding",3.4,330,"None","None","Visual","FTIR","no","yes",NA,92,52,NA,10,0,0,0,NA,9.2,5.2,NA,0,0,0
"67","Cannon et al.",2016,"Southwest Pacific","Hyporhamphus melanochir","Hemiramphidae","Hyporhamphus","Pelagic-neritic","Temperate","plants/detritus+animals ","grazing on aquatic plants",2.7,330,"None","None","Visual","FTIR","no","yes",NA,2072.4,8791.2,NA,66,0,0,0,NA,31.4,133.2,NA,0,0,0
"68","Cannon et al.",2016,"Southwest Pacific","Katsuwonus pelamis","Scombridae","Katsuwonus","Pelagic-oceanic","Tropical","mainly animals","hunting macrofauna",4.4,330,"None","None","Visual","FTIR","no","yes",NA,49,1629.3,NA,1,0,0,0,NA,49,1629.3,NA,0,0,0
"69","Cannon et al.",2016,"Southwest Pacific","Mugil cephalus","Mugilidae","Mugil","Benthopelagic","Subtropical","mainly plants/detritus","variable",2.5,330,"None","None","Visual","FTIR","no","yes",NA,1324.4,10599.5,NA,43,0,0,0,NA,30.8,246.5,NA,0,0,0
"70","Cannon et al.",2016,"Southwest Pacific","Notolabrus tetricus","Labridae","Notolabrus","Reef-associated","Temperate","","",3.6,330,"None","None","Visual","FTIR","no","yes",NA,212.1,3462.9,NA,7,0,0,0,NA,30.3,494.7,NA,0,0,0
"71","Cannon et al.",2016,"Southwest Pacific","Platycephalus bassensis","Platycephalidae","Platycephalus","Demersal","Temperate","mainly animals","hunting macrofauna",4.3,330,"None","None","Visual","FTIR","no","yes",NA,310,NA,NA,10,0,0,0,NA,31,NA,NA,0,0,0
"72","Cannon et al.",2016,"Southwest Pacific","Platycephalus laevigatus ","Platycephalidae","Platycephalus","Demersal","Subtropical","mainly animals","hunting macrofauna",3.8,330,"None","None","Visual","FTIR","no","yes",NA,242.2,1797.6,NA,7,0,0,0,NA,34.6,256.8,NA,0,0,0
"73","Cannon et al.",2016,"Southwest Pacific","Scomber australasicus ","Scombridae","Scomber","Pelagic-neritic","Subtropical","mainly animals","hunting macrofauna",4.2,330,"None","None","Visual","FTIR","no","yes",NA,135.2,1483.2,NA,4,0,0,0,NA,33.8,370.8,NA,0,0,0
"74","Cannon et al.",2016,"Southwest Pacific","Scorpaena jacksoniensis ","Scorpaenidae","Scorpaena","Reef-associated","Subtropical","","",3.9,330,"None","None","Visual","FTIR","no","yes",NA,412.3,4345.3,NA,19,0,0,0,NA,21.7,228.7,NA,0,0,0
"75","Cannon et al.",2016,"Southwest Pacific","Sillaginodes punctatus","Family Sillaginidae","Sillaginodes","Demersal","Temperate","mainly animals","hunting macrofauna",3.3,330,"None","None","Visual","FTIR","no","yes",NA,222.4,976.8,NA,8,0,0,0,NA,27.8,122.1,NA,0,0,0
"76","Cannon et al.",2016,"Southwest Pacific","Sillago flindersi","Family Sillaginidae","Sillago","Demersal","Temperate","mainly animals","hunting macrofauna",3.3,330,"None","None","Visual","FTIR","no","yes",NA,178,478,NA,10,0,0,0,NA,17.8,47.8,NA,0,0,0
"77","Cannon et al.",2016,"Southwest Pacific","Thyrsites atun"," Gempylidae","Thyrsites","Benthopelagic","Subtropical","mainly animals","hunting macrofauna",3.6,330,"None","None","Visual","FTIR","no","yes",NA,111.4,1008.2,NA,2,0,0,0,NA,55.7,504.1,NA,0,0,0
"78","Cannon et al.",2016,"Southwest Pacific","Trachurus declivis "," Carangidae","Trachurus","Benthopelagic","Temperate","mainly animals","hunting macrofauna",3.9,330,"None","None","Visual","FTIR","no","yes",NA,671.6,5244,NA,23,0,0,0,NA,29.2,228,NA,0,0,0
"79","Dantas et al.",2012,"Southwest Atlantic","Stellifer brasiliensis","Sciaenidae","Stellifer","Demersal","Tropical","","",3.4,0,"None","None","Visual","None","no","yes",NA,NA,NA,NA,330,22.77,NA,NA,NA,NA,NA,NA,0.069,NA,NA
"80","Dantas et al.",2012,"Southwest Atlantic","Stellifer stellifer","Sciaenidae","Stellifer","Demersal","Tropical","","",3.4,0,"None","None","Visual","None","no","yes",NA,NA,NA,NA,239,21.988,NA,NA,NA,NA,NA,NA,0.092,NA,NA
"81","Davison & Asch",2011,"Eastern Central Pacific","Argyropelecus affinis","Sternoptychidae","Argyropelecus","Bathypelagic","Deep-water","mainly animals","selective plankton feeding",3.1,0.7,"None","None","Visual","Rose Bengal","no","no",NA,NA,NA,NA,1,0,NA,NA,NA,NA,NA,NA,0,NA,NA
"82","Davison & Asch",2011,"Eastern Central Pacific","Argyropelecus hemigymnus","Sternoptychidae","Argyropelecus","Bathypelagic","Deep-water","mainly animals","hunting macrofauna",3.1,0.7,"None","None","Visual","Rose Bengal","no","no",NA,NA,NA,NA,3,0,NA,NA,NA,NA,NA,NA,0,NA,NA
"83","Davison & Asch",2011,"Eastern Central Pacific","Bolinichthys longipes","Myctophidae","Bolinichthys","Bathypelagic","Deep-water","mainly animals","selective plankton feeding",3.1,0.7,"None","None","Visual","Rose Bengal","no","no",NA,NA,NA,NA,3,0,NA,NA,NA,NA,NA,NA,0,NA,NA
"84","Davison & Asch",2011,"Eastern Central Pacific","Ceratoscopelus warmingii","Myctophidae","Ceratoscopelus","Bathypelagic","Deep-water","mainly animals","selective plankton feeding",3.4,0.7,"None","None","Visual","Rose Bengal","no","no",NA,NA,NA,NA,8,0,NA,NA,NA,NA,NA,NA,0,NA,NA
"85","Davison & Asch",2011,"Eastern Central Pacific","Cyclothone acclinidens","Gonostomatidae","Cyclothone","Bathypelagic","Deep-water","mainly animals","selective plankton feeding",3.6,0.7,"None","None","Visual","Rose Bengal","no","no",NA,NA,NA,NA,4,0,NA,NA,NA,NA,NA,NA,0,NA,NA
"86","Davison & Asch",2011,"Eastern Central Pacific","Cyclothone atraria","Gonostomatidae","Cyclothone","Bathypelagic","Deep-water","","",3.1,0.7,"None","None","Visual","Rose Bengal","no","no",NA,NA,NA,NA,3,0,NA,NA,NA,NA,NA,NA,0,NA,NA
"87","Davison & Asch",2011,"Eastern Central Pacific","Cyclothone pallida","Gonostomatidae","Cyclothone","Bathypelagic","Deep-water","mainly animals","",3.2,0.7,"None","None","Visual","Rose Bengal","no","no",NA,NA,NA,NA,5,0,NA,NA,NA,NA,NA,NA,0,NA,NA
"88","Davison & Asch",2011,"Eastern Central Pacific","Cyclothone pseudopallida","Gonostomatidae","Cyclothone","Bathypelagic","Deep-water","mainly animals","",3.1,0.7,"None","None","Visual","Rose Bengal","no","no",NA,NA,NA,NA,4,0,NA,NA,NA,NA,NA,NA,0,NA,NA
"89","Davison & Asch",2011,"Eastern Central Pacific","Danaphos oculatus","Sternoptychidae","Danaphos","Pelagic-oceanic","Subtropical","mainly animals","hunting macrofauna",3,0.7,"None","None","Visual","Rose Bengal","no","no",NA,NA,NA,NA,9,0,NA,NA,NA,NA,NA,NA,0,NA,NA
"90","Davison & Asch",2011,"Eastern Central Pacific","Diaphus anderseni","Myctophidae","Diaphus","Bathypelagic","Deep-water","","",3.1,0.7,"None","None","Visual","Rose Bengal","no","no",NA,NA,NA,NA,13,2.002,NA,NA,NA,NA,NA,NA,0.154,NA,NA
"91","Davison & Asch",2011,"Eastern Central Pacific","Diaphus fulgens","Myctophidae","Diaphus","Bathypelagic","Deep-water","","",3.1,0.7,"None","None","Visual","Rose Bengal","no","no",NA,NA,NA,NA,7,2.002,NA,NA,NA,NA,NA,NA,0.286,NA,NA
"92","Davison & Asch",2011,"Eastern Central Pacific","Diaphus phillipsi","Myctophidae","Diaphus","Bathypelagic","Deep-water","","",3.1,0.7,"None","None","Visual","Rose Bengal","no","no",NA,NA,NA,NA,1,1,NA,NA,NA,NA,NA,NA,1,NA,NA
"93","Davison & Asch",2011,"Eastern Central Pacific","Diogenichthys atlanticus","Myctophidae","Diogenichthys","Bathypelagic","Deep-water","mainly animals","hunting macrofauna",3.1,0.7,"None","None","Visual","Rose Bengal","no","no",NA,NA,NA,NA,5,0,NA,NA,NA,NA,NA,NA,0,NA,NA
"94","Davison & Asch",2011,"Eastern Central Pacific","Hygophum proximum","Myctophidae","Hygophum","Bathypelagic","Deep-water","mainly animals","selective plankton feeding",3.2,0.7,"None","None","Visual","Rose Bengal","no","no",NA,NA,NA,NA,2,0,NA,NA,NA,NA,NA,NA,0,NA,NA
"95","Davison & Asch",2011,"Eastern Central Pacific","Hygophum reinhardtii","Myctophidae","Hygophum","Bathypelagic","Deep-water","mainly animals","selective plankton feeding",3.2,0.7,"None","None","Visual","Rose Bengal","no","no",NA,NA,NA,NA,2,0,NA,NA,NA,NA,NA,NA,0,NA,NA
"96","Davison & Asch",2011,"Eastern Central Pacific","Idiacanthus antrostomus","Stomiidae","Idiacanthus","Bathypelagic","Deep-water","mainly animals","hunting macrofauna",3.8,0.7,"None","None","Visual","Rose Bengal","no","no",NA,NA,NA,NA,4,1,NA,NA,NA,NA,NA,NA,0.25,NA,NA
"97","Davison & Asch",2011,"Eastern Central Pacific","Lampadena urophaos","Myctophidae","Lampadena","Pelagic-oceanic","Subtropical","","",3.2,0.7,"None","None","Visual","Rose Bengal","no","no",NA,NA,NA,NA,1,0,NA,NA,NA,NA,NA,NA,0,NA,NA
"98","Davison & Asch",2011,"Eastern Central Pacific","Lobianchia gemellarii","Myctophidae","Lobianchia","Bathypelagic","Deep-water","mainly animals","",3,0.7,"None","None","Visual","Rose Bengal","no","no",NA,NA,NA,NA,3,0.999,NA,NA,NA,NA,NA,NA,0.333,NA,NA
"99","Davison & Asch",2011,"Eastern Central Pacific","Myctophum nitidulum","Myctophidae","Myctophum","Bathypelagic","Deep-water","mainly animals","selective plankton feeding",3.4,0.7,"None","None","Visual","Rose Bengal","no","no",NA,NA,NA,NA,25,4,NA,NA,NA,NA,NA,NA,0.16,NA,NA
"100","Davison & Asch",2011,"Eastern Central Pacific","Nannobrachium fernae","Myctophidae","Nannobrachium","Bathypelagic","Deep-water","","",3.2,0.7,"None","None","Visual","Rose Bengal","no","no",NA,NA,NA,NA,1,0,NA,NA,NA,NA,NA,NA,0,NA,NA
"101","Davison & Asch",2011,"Eastern Central Pacific","Nannobrachium hawaiiensis","Myctophidae","Nannobrachium","Bathypelagic","Deep-water","","",3.1,0.7,"None","None","Visual","Rose Bengal","no","no",NA,NA,NA,NA,17,0,NA,NA,NA,NA,NA,NA,0,NA,NA
"102","Davison & Asch",2011,"Eastern Central Pacific","Nannobrachium regale","Myctophidae","Nannobrachium","Bathypelagic","Deep-water","mainly animals","selective plankton feeding",3.2,0.7,"None","None","Visual","Rose Bengal","no","no",NA,NA,NA,NA,1,0,NA,NA,NA,NA,NA,NA,0,NA,NA
"103","Davison & Asch",2011,"Eastern Central Pacific","Notolychnus valdiviae","Myctophidae","Notolychnus","Bathypelagic","Deep-water","mainly animals","selective plankton feeding",3.1,0.7,"None","None","Visual","Rose Bengal","no","no",NA,NA,NA,NA,3,0,NA,NA,NA,NA,NA,NA,0,NA,NA
"104","Davison & Asch",2011,"Eastern Central Pacific","Notoscopelus resplendens","Myctophidae","Notoscopelus","Bathypelagic","Deep-water","mainly animals","selective plankton feeding",3,0.7,"None","None","Visual","Rose Bengal","no","no",NA,NA,NA,NA,3,0,NA,NA,NA,NA,NA,NA,0,NA,NA
"105","Davison & Asch",2011,"Eastern Central Pacific","Sternoptyx diaphana","Sternoptychidae","Sternoptyx","Bathypelagic","Deep-water","mainly animals","hunting macrofauna",3.4,0.7,"None","None","Visual","Rose Bengal","no","no",NA,NA,NA,NA,4,1,NA,NA,NA,NA,NA,NA,0.25,NA,NA
"106","Davison & Asch",2011,"Eastern Central Pacific","Sternoptyx pseudobscura","Sternoptychidae","Sternoptyx","Bathypelagic","Deep-water","mainly animals","hunting macrofauna",3.4,0.7,"None","None","Visual","Rose Bengal","no","no",NA,NA,NA,NA,6,0.996,NA,NA,NA,NA,NA,NA,0.166,NA,NA
"107","Davison & Asch",2011,"Eastern Central Pacific","Taaningichthys bathyphilus","Myctophidae","Taaningichthys","Bathypelagic","Deep-water","","",3.1,0.7,"None","None","Visual","Rose Bengal","no","no",NA,NA,NA,NA,3,0,NA,NA,NA,NA,NA,NA,0,NA,NA
"108","Ferreira et al",2016,"Southwest Atlantic","Cynoscion acoupa","Sciaenidae","Cynoscion","Demersal","Subtropical","mainly animals","hunting macrofauna",4.1,0,"None","None","Visual","None","yes","no",NA,NA,NA,NA,530,340.26,NA,NA,NA,NA,NA,NA,0.642,NA,NA
"109","Foekema et al.",2013,"Northeast Atlantic","Clupea harengus","Clupeidae","Clupea","Benthopelagic","Temperate","mainly animals","selective plankton feeding",3.4,200,"None","KOH","Visual","FTIR","","yes",NA,15282,112068,NA,566,11.32,NA,NA,NA,27,198,NA,0.02,NA,NA
"110","Foekema et al.",2013,"Northeast Atlantic","Gadus morhua","Gadidae","Gadus","Benthopelagic","Temperate","mainly animals","hunting macrofauna",4.1,200,"None","KOH","Visual","FTIR","","yes",NA,4880,264960,NA,80,10.4,NA,NA,NA,61,3312,NA,0.13,NA,NA
"111","Foekema et al.",2013,"Northeast Atlantic","Melanogrammus aeglefinus","Gadidae","Melanogrammus","Demersal","Temperate","mainly animals","hunting macrofauna",4,200,"None","KOH","Visual","FTIR","","yes",NA,2725.7,18624,NA,97,5.82,NA,NA,NA,28.1,192,NA,0.06,NA,NA
"112","Foekema et al.",2013,"Northeast Atlantic","Merlangius merlangus","Gadidae","Merlangius","Benthopelagic","Temperate","mainly animals","hunting macrofauna",4.4,200,"None","KOH","Visual","FTIR","","yes",NA,3370.5,32130,NA,105,6.3,NA,NA,NA,32.1,306,NA,0.06,NA,NA
"113","Foekema et al.",2013,"Northeast Atlantic","Trachurus trachurus","Carangidae","Trachurus","Pelagic-neritic","Subtropical","mainly animals","hunting macrofauna",3.7,200,"None","KOH","Visual","FTIR","","yes",NA,2090,7900,NA,100,1,NA,NA,NA,20.9,79,NA,0.01,NA,NA
"114","Güven et al.",2017,"Mediterranean and Black Sea","Argyrosomus regius","Sciaenidae","Argyrosomus","Benthopelagic","Subtropical","mainly animals","hunting macrofauna",4.3,26,"None","H2O2","Visual","FTIR","yes","",NA,NA,NA,NA,51,16.83,NA,NA,NA,NA,NA,NA,0.33,NA,NA
"115","Güven et al.",2017,"Mediterranean and Black Sea","Caranx crysos","Carangidae","Caranx","Reef-associated","Subtropical","mainly animals","hunting macrofauna",4.1,26,"None","H2O2","Visual","FTIR","","",NA,NA,NA,NA,1,NA,NA,NA,NA,NA,NA,NA,NA,NA,NA
"116","Güven et al.",2017,"Mediterranean and Black Sea","Dentex dentex","Sparidae","Dentex","Benthopelagic","Subtropical","mainly animals","hunting macrofauna",4.5,26,"None","H2O2","Visual","FTIR","","",NA,NA,NA,NA,1,NA,NA,NA,NA,NA,NA,NA,NA,NA,NA
"117","Güven et al.",2017,"Mediterranean and Black Sea","Dentex gibbosus","Sparidae","Dentex","Benthopelagic","Subtropical","mainly animals","hunting macrofauna",4.1,26,"None","H2O2","Visual","FTIR","","",NA,NA,NA,NA,14,NA,NA,NA,NA,NA,NA,NA,NA,NA,NA
"118","Güven et al.",2017,"Mediterranean and Black Sea","Lagocephalus spadiceus","Tetraodontidae","Lagocephalus","Demersal","Subtropical","","",3.7,26,"None","H2O2","Visual","FTIR","","",NA,NA,NA,NA,1,NA,NA,NA,NA,NA,NA,NA,NA,NA,NA
"119","Güven et al.",2017,"Mediterranean and Black Sea","Lithognathus mormyrus","Sparidae","Lithognathus","Demersal","Subtropical","mainly animals","hunting macrofauna",3.4,26,"None","H2O2","Visual","FTIR","","",NA,NA,NA,NA,46,NA,NA,NA,NA,NA,NA,NA,NA,NA,NA
"120","Güven et al.",2017,"Mediterranean and Black Sea","Chelon auratus","Mugilidae","Chelon","Pelagic-neritic","Temperate","plants/detritus+animals","variable",2.8,26,"None","H2O2","Visual","FTIR","","",NA,NA,NA,NA,39,NA,NA,NA,NA,NA,NA,NA,NA,NA,NA
"121","Güven et al.",2017,"Mediterranean and Black Sea","Mullus barbatus","Mullidae","Mullus","Demersal","Subtropical","mainly animals","hunting macrofauna",3.1,26,"None","H2O2","Visual","FTIR","","",NA,NA,NA,NA,207,NA,NA,NA,NA,NA,NA,NA,NA,NA,NA
"122","Güven et al.",2017,"Mediterranean and Black Sea","Mullus surmuletus","Mullidae","Mullus","Demersal","Subtropical","mainly animals","hunting macrofauna",3.5,26,"None","H2O2","Visual","FTIR","","",NA,NA,NA,NA,51,NA,NA,NA,NA,NA,NA,NA,NA,NA,NA
"123","Güven et al.",2017,"Mediterranean and Black Sea","Nemipterus randalli","Nemipteridae","Nemipterus","Demersal","Tropical","","",3.7,26,"None","H2O2","Visual","FTIR","","",NA,NA,NA,NA,135,NA,NA,NA,NA,NA,NA,NA,NA,NA,NA
"124","Güven et al.",2017,"Mediterranean and Black Sea","Pagellus acarne","Sparidae","Pagellus","Benthopelagic","Subtropical","mainly animals","hunting macrofauna",3.8,26,"None","H2O2","Visual","FTIR","","",NA,NA,NA,NA,52,NA,NA,NA,NA,NA,NA,NA,NA,NA,NA
"125","Güven et al.",2017,"Mediterranean and Black Sea","Pagellus erythrinus","Sparidae","Pagellus","Benthopelagic","Subtropical","mainly animals","hunting macrofauna",3.5,26,"None","H2O2","Visual","FTIR","","",NA,NA,NA,NA,54,NA,NA,NA,NA,NA,NA,NA,NA,NA,NA
"126","Güven et al.",2017,"Mediterranean and Black Sea","Pagrus pagrus","Sparidae","Pagrus","Benthopelagic","Subtropical","mainly animals","hunting macrofauna",3.9,26,"None","H2O2","Visual","FTIR","","",NA,NA,NA,NA,9,NA,NA,NA,NA,NA,NA,NA,NA,NA,NA
"127","Güven et al.",2017,"Mediterranean and Black Sea","Pelates quadrilineatus","Terapontidae","Pelates","Reef-associated","Subtropical","mainly animals","hunting macrofauna",3.6,26,"None","H2O2","Visual","FTIR","","",NA,NA,NA,NA,135,NA,NA,NA,NA,NA,NA,NA,NA,NA,NA
"128","Güven et al.",2017,"Mediterranean and Black Sea","Pomadasys incisus","Haemulidae","Pomadasys","Demersal","Subtropical","mainly animals","hunting macrofauna",3.8,26,"None","H2O2","Visual","FTIR","","",NA,NA,NA,NA,29,NA,NA,NA,NA,NA,NA,NA,NA,NA,NA
"129","Güven et al.",2017,"Mediterranean and Black Sea","Sardina pilchardus","Clupeidae","Sardina","Pelagic-neritic","Subtropical","plants/detritus+animals","selective plankton feeding",3.1,26,"None","H2O2","Visual","FTIR","","",NA,NA,NA,NA,7,NA,NA,NA,NA,NA,NA,NA,NA,NA,NA
"130","Güven et al.",2017,"Mediterranean and Black Sea","Saurida undosquamis","Synodontidae","Saurida","Reef-associated","Subtropical","mainly animals","hunting macrofauna",4.5,26,"None","H2O2","Visual","FTIR","","",NA,NA,NA,NA,99,NA,NA,NA,NA,NA,NA,NA,NA,NA,NA
"131","Güven et al.",2017,"Mediterranean and Black Sea","Sciaena umbra","Sciaenidae","Sciaena","Demersal","Subtropical","mainly animals","hunting macrofauna",3.8,26,"None","H2O2","Visual","FTIR","","",NA,NA,NA,NA,1,NA,NA,NA,NA,NA,NA,NA,NA,NA,NA
"132","Güven et al.",2017,"Mediterranean and Black Sea","Scomber japonicus","Scombridae","Scomber","Pelagic-neritic","Subtropical","mainly animals","hunting macrofauna",3.4,26,"None","H2O2","Visual","FTIR","","",NA,NA,NA,NA,7,NA,NA,NA,NA,NA,NA,NA,NA,NA,NA
"133","Güven et al.",2017,"Mediterranean and Black Sea","Serranus cabrilla","Serranidae","Serranus","Demersal","Deep-water","mainly animals","hunting macrofauna",3.4,26,"None","H2O2","Visual","FTIR","","",NA,NA,NA,NA,6,NA,NA,NA,NA,NA,NA,NA,NA,NA,NA
"134","Güven et al.",2017,"Mediterranean and Black Sea","Siganus luridus","Siganidae","Siganus","Reef-associated","Subtropical","mainly plants/detritus","browsing on substrate",2,26,"None","H2O2","Visual","FTIR","","",NA,NA,NA,NA,15,NA,NA,NA,NA,NA,NA,NA,NA,NA,NA
"135","Güven et al.",2017,"Mediterranean and Black Sea","Sparus aurata","Sparidae","Sparus","Demersal","Subtropical","mainly animals","hunting macrofauna",3.7,26,"None","H2O2","Visual","FTIR","","",NA,NA,NA,NA,110,NA,NA,NA,NA,NA,NA,NA,NA,NA,NA
"136","Güven et al.",2017,"Mediterranean and Black Sea","Trachurus mediterraneus","Carangidae","Trachurus","Pelagic-oceanic","Subtropical","mainly animals","hunting macrofauna",3.8,26,"None","H2O2","Visual","FTIR","","",NA,NA,NA,NA,98,NA,NA,NA,NA,NA,NA,NA,NA,NA,NA
"137","Güven et al.",2017,"Mediterranean and Black Sea","Trigla lucerna","Triglidae","Trigla","Demersal","Subtropical","mainly animals","hunting macrofauna",4,26,"None","H2O2","Visual","FTIR","","",NA,NA,NA,NA,24,NA,NA,NA,NA,NA,NA,NA,NA,NA,NA
"138","Güven et al.",2017,"Mediterranean and Black Sea","Umbrina cirrosa","Sciaenidae","Umbrina","Demersal","Subtropical","mainly animals","hunting macrofauna",3.4,26,"None","H2O2","Visual","FTIR","","",NA,NA,NA,NA,1,NA,NA,NA,NA,NA,NA,NA,NA,NA,NA
"139","Güven et al.",2017,"Mediterranean and Black Sea","Upeneus moluccensis","Mullidae","Upeneus","Reef-associated","Subtropical","mainly animals","hunting macrofauna",3.6,26,"None","H2O2","Visual","FTIR","","",NA,NA,NA,NA,18,NA,NA,NA,NA,NA,NA,NA,NA,NA,NA
"140","Güven et al.",2017,"Mediterranean and Black Sea","Upeneus pori","Mullidae","Upeneus","Demersal","Subtropical","mainly animals","",3.5,26,"None","H2O2","Visual","FTIR","","",NA,NA,NA,NA,78,NA,NA,NA,NA,NA,NA,NA,NA,NA,NA
"141","Halstead et al.",2018,"Southwest Pacific","Acanthopagrus australis","Sparidae","Acanthopagrus","Demersal","Temperate","mainly animals","hunting macrofauna",3.1,0,"None","None","Visual","FTIR/Raman","yes","",NA,266.4,960,NA,24,NA,14.4,NA,NA,11.1,40,NA,NA,0.6,NA
"142","Halstead et al.",2018,"Southwest Pacific","Gerres subfasciatus","Gerreidae","Gerres","Demersal","Subtropical","","",3.3,0,"None","None","Visual","FTIR/Raman","yes","",NA,163.2,216,NA,24,NA,2.4,NA,NA,6.8,9,NA,NA,0.1,NA
"143","Halstead et al.",2018,"Southwest Pacific","Mugil cephalus","Mugilidae","Mugil","Benthopelagic","Subtropical","mainly plants/detritus","variable",2.5,0,"None","None","Visual","FTIR/Raman","yes","",NA,1134,15210,NA,45,NA,112.5,NA,NA,25.2,338,NA,NA,2.5,NA
"144","Hermsen et al.",2017,"Northeast Atlantic","Clupea harengus","Clupeidae","Clupea","Benthopelagic","Temperate","mainly animals","selective plankton feeding",3.4,20,"None","KOH","Visual","FTIR","","",NA,NA,NA,NA,131,0,0,NA,NA,NA,NA,NA,0,0,NA
"145","Hermsen et al.",2017,"Northeast Atlantic","Limanda limanda","Pleuronectidae","Limanda","Demersal","Temperate","mainly animals","hunting macrofauna",3.4,20,"None","KOH","Visual","FTIR","","",NA,NA,NA,NA,100,0,0,NA,NA,NA,NA,NA,0,0,NA
"146","Hermsen et al.",2017,"Northeast Atlantic","Merlangius merlangus","Gadidae","Merlangius","Benthopelagic","Temperate","mainly animals","hunting macrofauna",4.4,20,"None","KOH","Visual","FTIR","","",NA,NA,NA,NA,28,0,0,NA,NA,NA,NA,NA,0,0,NA
"147","Hermsen et al.",2017,"Northeast Atlantic","Sprattus sprattus","Clupeidae","Sprattus","Pelagic-neritic","Temperate","mainly animals","selective plankton feeding",3,20,"None","KOH","Visual","FTIR","no","yes",NA,NA,NA,NA,141,0.99969,1.974,NA,NA,NA,NA,NA,0.00709,0.014,NA
"148","Jabeen et al.",2017,"Northwest Pacific","Branchiostegus japonicus","Malacanthidae","Branchiostegus","Demersal","Tropical","mainly animals","hunting macrofauna",3.4,5,"NaCl","H2O2","Visual","FTIR","yes","no",277.2,NA,909,NA,18,18,82.8,50.4,15.4,NA,50.5,NA,1,4.6,2.8
"149","Jabeen et al.",2017,"Northwest Pacific","Callionymus planus","Callionymidae","Callionymus","Demersal","Temperate","","",3.3,5,"NaCl","H2O2","Visual","FTIR","yes","no",372.6,NA,655.2,NA,18,18,86.4,41.4,20.7,NA,36.4,NA,1,4.8,2.3
"150","Jabeen et al.",2017,"Northwest Pacific","Coilia nasus","Engraulidae","Coilia","Pelagic-neritic","Subtropical","","",3,5,"NaCl","H2O2","Visual","FTIR","yes","no",349.2,NA,518.4,NA,18,18,72,32.4,19.4,NA,28.8,NA,1,4,1.8
"151","Jabeen et al.",2017,"Northwest Pacific","Collichthys lucidus","Sciaenidae","Collichthys","Demersal","Subtropical","mainly animals","hunting macrofauna",3.5,5,"NaCl","H2O2","Visual","FTIR","yes","no",264.6,NA,529.2,NA,18,18,111.6,43.2,14.7,NA,29.4,NA,1,6.2,2.4
"152","Jabeen et al.",2017,"Northwest Pacific","Cynoglossus abbreviatus","Cynoglossidae","Cynoglossus","Demersal","Deep-water","mainly animals","hunting macrofauna",3.5,5,"NaCl","H2O2","Visual","FTIR","yes","no",408.6,NA,1123.2,NA,18,18,124.2,43.2,22.7,NA,62.4,NA,1,6.9,2.4
"153","Jabeen et al.",2017,"Northwest Pacific","Harpadon nehereus","Synodontidae","Harpadon","Benthopelagic","Tropical","mainly animals","",4.2,5,"NaCl","H2O2","Visual","FTIR","yes","no",430.2,NA,1085.4,NA,18,18,68.4,36,23.9,NA,60.3,NA,1,3.8,2
"154","Jabeen et al.",2017,"Northwest Pacific","Hyporhamphus intermedius","Hemiramphidae","Hyporhamphus","Pelagic-neritic","Subtropical","mainly animals","selective plankton feeding",3.4,5,"NaCl","H2O2","Visual","FTIR","yes","no",622.8,NA,1767.6,NA,18,18,66.6,39.6,34.6,NA,98.2,NA,1,3.7,2.2
"155","Jabeen et al.",2017,"Northwest Pacific","Larimichthys crocea","Sciaenidae","Larimichthys","Benthopelagic","Temperate","mainly animals","hunting macrofauna",3.7,5,"NaCl","H2O2","Visual","FTIR","yes","no",426.6,NA,2772,NA,18,18,82.8,61.2,23.7,NA,154,NA,1,4.6,3.4
"156","Jabeen et al.",2017,"Northwest Pacific","Lateolabrax japonicus","Lateolabracidae","Lateolabrax","Reef-associated","Subtropical","mainly animals","hunting macrofauna",3.4,5,"NaCl","H2O2","Visual","FTIR","yes","no",388.8,NA,1692,NA,18,18,37.8,5.4,21.6,NA,94,NA,1,2.1,0.3
"157","Jabeen et al.",2017,"Northwest Pacific","Mugil cephalus","Mugilidae","Mugil","Benthopelagic","Subtropical","mainly plants/detritus","variable",2.5,5,"NaCl","H2O2","Visual","FTIR","yes","no",410.4,NA,1843.2,NA,18,18,66.6,18,22.8,NA,102.4,NA,1,3.7,1
"158","Jabeen et al.",2017,"Northwest Pacific","Muraenesox cinereus","Muraenesocidae","Muraenesox","Demersal","Subtropical","mainly animals","hunting macrofauna",4.4,5,"NaCl","H2O2","Visual","FTIR","yes","no",777.6,NA,2626.2,NA,18,18,43.2,10.8,43.2,NA,145.9,NA,1,2.4,0.6
"159","Jabeen et al.",2017,"Northwest Pacific","Oxyeleotris marmorata","Eleotridae","Oxyeleotrix","Demersal","Tropical","mainly animals","hunting macrofauna",3.9,5,"NaCl","H2O2","Visual","FTIR","yes","no",302.4,NA,831.6,NA,18,18,75.6,43.2,16.8,NA,46.2,NA,1,4.2,2.4
"160","Jabeen et al.",2017,"Northwest Pacific","Pampus cinereus","Stromateidae","Pampus","Benthopelagic","Subtropical","mainly animals","selective plankton feeding",3.3,5,"NaCl","H2O2","Visual","FTIR","yes","no",347.4,NA,1904.4,NA,18,18,54,14.4,19.3,NA,105.8,NA,1,3,0.8
"161","Jabeen et al.",2017,"Northwest Pacific","Photopectoralis bindus","Leiognathidae","Photopectoralis","Demersal","Tropical","plants/detritus+animals","",2.9,5,"NaCl","H2O2","Visual","FTIR","yes","no",203.4,NA,376.2,NA,18,18,73.8,37.8,11.3,NA,20.9,NA,1,4.1,2.1
"162","Jabeen et al.",2017,"Northwest Pacific","Planiliza haemotocheila","Mugilidae","Liza","Pelagic-neritic","Temperate","plants/detritus+animals","grazing on aquatic plants",2.5,5,"NaCl","H2O2","Visual","FTIR","yes","no",419.4,NA,1600.2,NA,18,18,59.4,5.4,23.3,NA,88.9,NA,1,3.3,0.3
"163","Jabeen et al.",2017,"Northwest Pacific","Psenopsis anomala","Centrolophidae","Psenopsis","Benthopelagic","Tropical","mainly animals","hunting macrofauna",4,5,"NaCl","H2O2","Visual","FTIR","yes","no",304.2,NA,1225.8,NA,18,18,19.8,5.4,16.9,NA,68.1,NA,1,1.1,0.3
"164","Jabeen et al.",2017,"Northwest Pacific","Sebasticus marmoratus","Sebastidae","Sebasticus","Demersal","Tropical","","",3.7,5,"NaCl","H2O2","Visual","FTIR","yes","no",244.8,NA,664.2,NA,18,18,75.6,23.4,13.6,NA,36.9,NA,1,4.2,1.3
"165","Jabeen et al.",2017,"Northwest Pacific","Sillago sihama","Sillaginidae","Silago","Reef-associated","Tropical","mainly animals","hunting macrofauna",3.3,5,"NaCl","H2O2","Visual","FTIR","yes","no",273.6,NA,451.8,NA,18,18,46.8,36,15.2,NA,25.1,NA,1,2.6,2
"166","Jabeen et al.",2017,"Northwest Pacific","Synechobius ommaturus","Bobiidae","Synechobius","Demersal","Subtropical","","",3.6,5,"NaCl","H2O2","Visual","FTIR","yes","no",252,NA,387,NA,18,18,95.4,52.2,14,NA,21.5,NA,1,5.3,2.9
"167","Jabeen et al.",2017,"Northwest Pacific","Terapon jarbua","Terapontidae","Terapon","Demersal","Tropical","mainly animals","hunting macrofauna",3.9,5,"NaCl","H2O2","Visual","FTIR","yes","no",340.2,NA,1582.2,NA,18,18,54,12.6,18.9,NA,87.9,NA,1,3,0.7
"168","Jabeen et al.",2017,"Northwest Pacific","Thamnaconus septentrionalis","Monacanthidae","Thamnaconus","Demersal","Temperate","","",3.4,5,"NaCl","H2O2","Visual","FTIR","yes","no",347.4,NA,1931.4,NA,18,18,129.6,50.4,19.3,NA,107.3,NA,1,7.2,2.8
"169","Karlsson et al",2017,"Northeast Atlantic","Salmo trutta","Salmonidae","Salmo","Pelagic-neritic","Subtropical","mainly animals","hunting macrofauna",3.4,1.2,"None","Proteinase K","Visual","Raman","","",NA,NA,NA,NA,62,42.16,NA,NA,NA,NA,NA,NA,0.68,NA,NA
"170","Karthik et al",2018,"Eastern Indian Ocean","Arius arius ","Ariidae","Arius","Demersal","Tropical","mainly animals","hunting macrofauna",3.5,0,"None","KOH","Visual","FTIR","no","no",NA,177.1,60.5,NA,11,0.9999,0.99,NA,NA,16.1,5.5,NA,0.0909,0.09,NA
"171","Karthik et al",2018,"Eastern Indian Ocean","Leiognathus equulus","Leiognathidae","Leiognathus","Demersal","Tropical","mainly animals","selective plankton feeding",3,0,"None","KOH","Visual","FTIR","no","no",NA,171,69,NA,10,1,1,NA,NA,17.1,6.9,NA,0.1,0.1,NA
"172","Karthik et al",2018,"Eastern Indian Ocean","Mugil cephalus","Mugilidae","Mugil","Benthopelagic","Subtropical","mainly plants/detritus","variable",2.5,0,"None","KOH","Visual","FTIR","no","no",NA,162,51.6,NA,12,2.0004,2.04,NA,NA,13.5,4.3,NA,0.1667,0.17,NA
"173","Karthik et al",2018,"Eastern Indian Ocean","Rastrelliger kanagurta","Scombridae","Rastrelliger","Pelagic-neritic","Tropical","mainly animals","hunting macrofauna",3.2,0,"None","KOH","Visual","FTIR","no","no",NA,336.6,2697.9,NA,17,0.986,1.003,NA,NA,19.8,158.7,NA,0.058,0.059,NA
"174","Karthik et al",2018,"Eastern Indian Ocean","Siganus javus","Siganidae","Siganus","Reef-associated","Tropical","mainly animals","variable",2.4,0,"None","KOH","Visual","FTIR","no","no",NA,481.4,3062.4,NA,29,1.9981,2.9,NA,NA,16.6,105.6,NA,0.0689,0.1,NA
"175","Lusher et al.",2015,"Northeast Atlantic","Arctozenus risso","Paralepididae","Arctozenus","Bathypelagic","Deep-water","mainly animals","hunting macrofauna",3.2,250,"None","KOH","Visual","None","yes","no",266,NA,NA,NA,14,2.94,18.2,NA,19,NA,NA,NA,0.21,1.3,NA
"176","Lusher et al.",2013,"Northeast Atlantic","Chelidonichthys cuculus","Triglidae","Chelidonichthys","Demersal","Temperate","mainly animals","hunting macrofauna",3.8,0,"None","None","Visual","FTIR","yes","no",NA,NA,NA,NA,66,33.99,NA,NA,NA,NA,NA,NA,0.515,NA,NA
"177","Lusher et al.",2015,"Northeast Atlantic","Benthosema glaciale","Myctophidae","Benthosema","Pelagic-oceanic","Deep-water","mainly animals","selective plankton feeding",3,250,"None","KOH","Visual","None","yes","no",162.27,NA,NA,NA,27,5.94,40.5,NA,6.01,NA,NA,NA,0.22,1.5,NA
"178","Lusher et al.",2013,"Northeast Atlantic","Buglossidium luteum","Soleidae","Buglossidium","Demersal","Subtropical","mainly animals","hunting macrofauna",3.3,0,"None","None","Visual","FTIR","yes","no",NA,NA,NA,NA,50,13,NA,NA,NA,NA,NA,NA,0.26,NA,NA
"179","Lusher et al.",2013,"Northeast Atlantic","Callionymus lyra","Callionymidae","Callionymus","Demersal","Temperate","mainly animals","hunting macrofauna",3.3,0,"None","None","Visual","FTIR","yes","no",NA,NA,NA,NA,50,19,NA,NA,NA,NA,NA,NA,0.38,NA,NA
"180","Lusher et al.",2013,"Northeast Atlantic","Cepola macrophthalma","Salmonidae","Cepola","Demersal","Subtropical","mainly animals","selective plankton feeding",3.1,0,"None","None","Visual","FTIR","yes","no",NA,NA,NA,NA,62,20.026,NA,NA,NA,NA,NA,NA,0.323,NA,NA
"181","Lusher et al.",2015,"Northeast Atlantic","Lampanyctus crocodilus","Myctophidae","Lampanyctus","Bathypelagic","Deep-water","mainly animals","selective plankton feeding",3.2,250,"None","KOH","Visual","None","yes","no",20,NA,NA,NA,2,0,0,NA,10,NA,NA,NA,0,0,NA
"182","Lusher et al.",2015,"Northeast Atlantic","Maurolicus muelleri","Sternoptychidae","Maurolicus","Bathypelagic","Deep-water","mainly animals","selective plankton feeding",3,250,"None","KOH","Visual","None","yes","no",1522.8,NA,NA,NA,282,8.46,310.2,NA,5.4,NA,NA,NA,0.03,1.1,NA
"183","Lusher et al.",2013,"Northeast Atlantic","Merlangius merlangus","Gadidae","Merlangius","Benthopelagic","Temperate","mainly animals","hunting macrofauna",4.4,0,"None","None","Visual","FTIR","yes","no",NA,NA,NA,NA,50,16,NA,NA,NA,NA,NA,NA,0.32,NA,NA
"184","Lusher et al.",2013,"Northeast Atlantic","Microchirus variegatus","Soleidae","Microchirus","Demersal","Subtropical","mainly animals","hunting macrofauna",3.3,0,"None","None","Visual","FTIR","yes","no",NA,NA,NA,NA,51,11.985,NA,NA,NA,NA,NA,NA,0.235,NA,NA
"185","Lusher et al.",2013,"Northeast Atlantic","Micromesistius poutassou","Gadidae","Micromesistius","Bathypelagic","Temperate","mainly animals","hunting macrofauna",4.1,0,"None","None","Visual","FTIR","yes","no",NA,NA,NA,NA,27,14.013,NA,NA,NA,NA,NA,NA,0.519,NA,NA
"186","Lusher et al.",2015,"Northeast Atlantic","Myctophum punctatum","Myctophidae","Myctophum","Bathypelagic","Deep-water","mainly animals","selective plankton feeding",3.4,250,"None","KOH","Visual","None","yes","no",23.28,NA,NA,NA,3,0,0,NA,7.76,NA,NA,NA,0,0,NA
"187","Lusher et al.",2015,"Northeast Atlantic","Nemichthys scolopaceus","Nemichthyidae","Nemichthys","Bathypelagic","Deep-water","mainly animals","selective plankton feeding",3.5,250,"None","KOH","Visual","None","yes","no",8.7,NA,NA,NA,1,1,1,NA,8.7,NA,NA,NA,1,1,NA
"188","Lusher et al.",2015,"Northeast Atlantic","Notoscopelus kroyeri","Alepisauridae","Notoscopelus","Pelagic-oceanic","Temperate","mainly animals","selective plankton feeding",3.2,250,"None","KOH","Visual","None","yes","no",4149.15,NA,NA,NA,417,62.55,458.7,NA,9.95,NA,NA,NA,0.15,1.1,NA
"189","Lusher et al.",2015,"Northeast Atlantic","Stomias boa boa","Stomiidae","Stomias","Bathypelagic","Deep-water","mainly animals","hunting macrofauna",4,250,"None","KOH","Visual","None","yes","no",96.5,NA,NA,NA,5,2,10,NA,19.3,NA,NA,NA,0.4,2,NA
"190","Lusher et al.",2013,"Northeast Atlantic","Trachurus trachurus","Carangidae","Trachurus","Pelagic-neritic","Subtropical","mainly animals","hunting macrofauna",3.7,0,"None","None","Visual","FTIR","yes","no",NA,NA,NA,NA,56,16.016,NA,NA,NA,NA,NA,NA,0.286,NA,NA
"191","Lusher et al.",2013,"Northeast Atlantic","Trisopterus minutus","Gadidae","Trisopterus","Benthopelagic","Temperate","mainly animals","hunting macrofauna",3.7,0,"None","None","Visual","FTIR","yes","no",NA,NA,NA,NA,50,20,NA,NA,NA,NA,NA,NA,0.4,NA,NA
"192","Lusher et al.",2015,"Northeast Atlantic","Xenodermichthys copei","Alepocephalidae","Xenodermichthys","Bathypelagic","Deep-water","mainly animals","variable",3.2,250,"None","KOH","Visual","None","yes","no",70,NA,NA,NA,5,3,10,NA,14,NA,NA,NA,0.6,2,NA
"193","Lusher et al.",2013,"Northeast Atlantic","Zeus faber","Zeidae","Zeus ","Benthopelagic","Temperate","mainly animals","hunting macrofauna",4.5,0,"None","None","Visual","FTIR","yes","no",NA,NA,NA,NA,42,19.992,NA,NA,NA,NA,NA,NA,0.476,NA,NA
"194","McGoran et al",2016,"Northeast Atlantic","Platichthys flesus ","Pleuronectidae","Platichthys","Demersal","Temperate","mainly animals","hunting macrofauna",3.3,0,"None","None","Visual","FTIR","yes","no",NA,NA,NA,NA,14,9.94,84.98,NA,NA,NA,NA,NA,0.71,6.07,NA
"195","Miranda & de Carvalho-Souza",2015,"Southwest Atlantic","Acanthurus coeruleus","Acanthuridae","Acanthurus","Reef-associated","Tropical","mainly plants/detritus","browsing on substrate",2,0,"None","None","Visual","None","no","no",NA,NA,NA,NA,1,0,NA,NA,NA,NA,NA,NA,0,NA,NA
"196","Miranda & de Carvalho-Souza",2015,"Southwest Atlantic","Caranx crysos","Carangidae","Caranx","Reef-associated","Subtropical","mainly animals","hunting macrofauna",4.1,0,"None","None","Visual","None","no","no",NA,NA,NA,NA,3,0,NA,NA,NA,NA,NA,NA,0,NA,NA
"197","Miranda & de Carvalho-Souza",2015,"Southwest Atlantic","Dasyatis americana","Dasyatidae","Dasyatis","Reef-associated","Subtropical","mainly animals","variable",3.5,0,"None","None","Visual","None","no","no",NA,NA,NA,NA,3,0,NA,NA,NA,NA,NA,NA,0,NA,NA
"198","Miranda & de Carvalho-Souza",2015,"Southwest Atlantic","Lagocephalus laevigatus","Tetraodontidae","Lagocephalus","Pelagic-neritic","Subtropical","mainly animals","hunting macrofauna",4,0,"None","None","Visual","None","no","no",NA,NA,NA,NA,1,0,NA,NA,NA,NA,NA,NA,0,NA,NA
"199","Miranda & de Carvalho-Souza",2015,"Southwest Atlantic","Lutjanus analis","Lutjanidae","Lutjanus","Reef-associated","Tropical","mainly animals","hunting macrofauna",3.9,0,"None","None","Visual","None","no","no",NA,NA,NA,NA,2,0,NA,NA,NA,NA,NA,NA,0,NA,NA
"200","Miranda & de Carvalho-Souza",2015,"Southwest Atlantic","Lutjanus jocu","Lutjanidae","Lutjanus","Reef-associated","Subtropical","mainly animals","hunting macrofauna",4.4,0,"None","None","Visual","None","no","no",NA,NA,NA,NA,5,0,NA,NA,NA,NA,NA,NA,0,NA,NA
"201","Miranda & de Carvalho-Souza",2015,"Southwest Atlantic","Mycteroperca rubra","Serranidae","Mycteroperca","Demersal","Subtropical","mainly animals","hunting macrofauna",4.1,0,"None","None","Visual","None","no","no",NA,NA,NA,NA,1,0,NA,NA,NA,NA,NA,NA,0,NA,NA
"202","Miranda & de Carvalho-Souza",2015,"Southwest Atlantic","Paralichthys brasiliensis","Paralichthyidae","Paralichthys","Demersal","Subtropical","","",4.4,0,"None","None","Visual","None","no","no",NA,NA,NA,NA,1,0,NA,NA,NA,NA,NA,NA,0,NA,NA
"203","Miranda & de Carvalho-Souza",2015,"Southwest Atlantic","Rhizoprionodon lalandii","Carcharhinidae","Rhizoprionodon","Demersal","Tropical","mainly animals","hunting macrofauna",4.3,0,"None","None","Visual","None","no","no",NA,NA,NA,NA,6,3.75,NA,NA,NA,NA,NA,NA,0.625,NA,NA
"204","Miranda & de Carvalho-Souza",2015,"Southwest Atlantic","Scomberomorus cavalla","Carcharhinidae","Scomberomorus","Reef-associated","Tropical","mainly animals","hunting macrofauna",4.4,0,"None","None","Visual","None","no","no",NA,NA,NA,NA,8,2.64,NA,NA,NA,NA,NA,NA,0.33,NA,NA
"205","Miranda & de Carvalho-Souza",2015,"Southwest Atlantic","Sphyraena guachancho","Sphyraenidae","Sphyraena","Pelagic-neritic","Subtropical","mainly animals","hunting macrofauna",4.4,0,"None","None","Visual","None","no","no",NA,NA,NA,NA,1,0,NA,NA,NA,NA,NA,NA,0,NA,NA
"206","Murphy et al.",2017,"Northeast Atlantic","Aphanopus carbo","Trichiuridae","Aphanopus","Bathypelagic","Deep-water","mainly animals","hunting macrofauna",4.5,0,"None","None","Visual","FTIR","yes","yes",NA,NA,NA,NA,5,0,0,0,NA,NA,NA,NA,0,0,0
"207","Murphy et al.",2017,"Northeast Atlantic","Argentina silus","Argentinidae","Argentina","Bathydemersal","Deep-water","mainly animals","selective plankton feeding",3.3,0,"None","None","Visual","FTIR","yes","yes",NA,NA,NA,NA,15,1.0005,1.5,3.9,NA,NA,NA,NA,0.0667,0.1,0.26
"208","Murphy et al.",2017,"Northeast Atlantic","Coryphaenoides rupestris","Macrouridae","Corphaenoides","Bathypelagic","Deep-water","mainly animals","hunting macrofauna",3.5,0,"None","None","Visual","FTIR","yes","yes",NA,NA,NA,NA,5,0,0,0,NA,NA,NA,NA,0,0,0
"209","Murphy et al.",2017,"Northeast Atlantic","Hippoglossus hippoglossus","Pleuronectidae","Hipposglossus","Demersal","Temperate","mainly animals","hunting macrofauna",4,0,"None","None","Visual","FTIR","yes","yes",NA,NA,NA,NA,14,0,0,0,NA,NA,NA,NA,0,0,0
"210","Murphy et al.",2017,"Northeast Atlantic","Lepidorhombus whiffiagonis","Scophthalmidae","Lepidorhombus","Bathydemersal","Deep-water","mainly animals","hunting macrofauna",4.3,0,"None","None","Visual","FTIR","yes","yes",NA,NA,NA,NA,10,1,1,3.2,NA,NA,NA,NA,0.1,0.1,0.32
"211","Murphy et al.",2017,"Northeast Atlantic","Limanda limanda","Pleuronectidae","Limanda","Demersal","Temperate","mainly animals","hunting macrofauna",3.4,0,"None","None","Visual","FTIR","yes","yes",NA,NA,NA,NA,19,8.9984,24.7,31.73,NA,NA,NA,NA,0.4736,1.3,1.67
"212","Murphy et al.",2017,"Northeast Atlantic","Micromesistius poutassou","Gadidae","Micromesistius","Bathypelagic","Temperate","mainly animals","hunting macrofauna",4.1,0,"None","None","Visual","FTIR","yes","yes",NA,NA,NA,NA,20,0,0,0,NA,NA,NA,NA,0,0,0
"213","Murphy et al.",2017,"Northeast Atlantic","Molva molva","Lotidae","Molva","Demersal","Temperate","mainly animals","hunting macrofauna",4.4,0,"None","None","Visual","FTIR","yes","yes",NA,NA,NA,NA,5,0,0,0,NA,NA,NA,NA,0,0,0
"214","Murphy et al.",2017,"Northeast Atlantic","Platichthys flesus","Pleuronectidae","Platichthys","Demersal","Temperate","mainly animals","hunting macrofauna",3.3,0,"None","None","Visual","FTIR","yes","yes",NA,NA,NA,NA,47,23.9982,37.6,44.18,NA,NA,NA,NA,0.5106,0.8,0.94
"215","Murphy et al.",2017,"Northeast Atlantic","Pleuronectes platessa","Pleuronectidae","Pleuronectes","Demersal","Temperate","mainly animals","hunting macrofauna",3.2,0,"None","None","Visual","FTIR","yes","yes",NA,NA,NA,NA,62,27.9992,55.8,110.98,NA,NA,NA,NA,0.4516,0.9,1.79
"216","Murphy et al.",2017,"Northeast Atlantic","Pollachius pollachius","Gadidae","Pollachius","Benthopelagic","Temperate","mainly animals","hunting macrofauna",4.3,0,"None","None","Visual","FTIR","yes","yes",NA,NA,NA,NA,5,0,0,0,NA,NA,NA,NA,0,0,0
"217","Murphy et al.",2017,"Northeast Atlantic","Trachurus trachurus","Carangidae","Trachurus","Pelagic-neritic","Subtropical","mainly animals","hunting macrofauna",3.7,0,"None","None","Visual","FTIR","yes","yes",NA,NA,NA,NA,5,0,0,0,NA,NA,NA,NA,0,0,0
"218","Nelms et al.",2018,"Northeast Atlantic","Scomber scombrus","Scombridae","Scomber","Pelagic-neritic","Temperate","mainly animals","variable",3.6,40,"None","None","Visual","FTIR","yes","no",713,NA,4030,NA,31,9.92,17.98,32.55,23,NA,130,NA,0.32,0.58,1.05
"219","Neves et al.",2015,"Northeast Atlantic","Alosa fallax","Clupeidae","Alosa","Pelagic-neritic","Temperate","mainly animals","hunting macrofauna",4,0,"None","None","Visual","FTIR","yes","no",NA,40,564,NA,1,1,1,0,NA,40,564,NA,1,1,0
"220","Neves et al.",2015,"Northeast Atlantic","Argyrosomus regius","Sciaenidae","Argyrosomus","Benthopelagic","Subtropical","mainly animals","hunting macrofauna",4.3,0,"None","None","Visual","FTIR","yes","no",NA,NA,NA,NA,5,3,4,4,NA,NA,NA,NA,0.6,0.8,0.8
"221","Neves et al.",2015,"Northeast Atlantic","Boops boops","Sparidae","Boops","Demersal","Subtropical","mainly animals","selective plankton feeding",2.8,0,"None","None","Visual","FTIR","yes","no",NA,768,5120,NA,32,2.88,2.88,9.6,NA,24,160,NA,0.09,0.09,0.3
"222","Neves et al.",2015,"Mediterranean and Black Sea","Brama brama","Bramidae","Brama","Pelagic-neritic","Subtropical","mainly animals","hunting macrofauna",4.1,0,"None","None","Visual","FTIR","yes","no",NA,NA,NA,NA,3,0.99,2.01,3.6,NA,NA,NA,NA,0.33,0.67,1.2
"223","Neves et al.",2015,"Northeast Atlantic","Dentex macrophthalmus","Sparidae","Dentex","Benthopelagic","Subtropical","mainly animals","hunting macrofauna",3.5,0,"None","None","Visual","FTIR","yes","no",NA,NA,NA,NA,1,1,1,NA,NA,NA,NA,NA,1,1,NA
"224","Neves et al.",2015,"Northeast Atlantic","Helicolenus dactylopterus","Sebastidae","Helicolenus","Bathydemersal","Deep-water","mainly animals","hunting macrofauna",3.5,0,"None","None","Visual","FTIR","yes","no",NA,17,81,NA,1,0,NA,NA,NA,17,81,NA,0,NA,NA
"225","Neves et al.",2015,"Northeast Atlantic","Lepidorhombus boscii","Scophthalmidae","Lepidorhombus","Demersal","Temperate","mainly animals","hunting macrofauna",3.5,0,"None","None","Visual","FTIR","yes","no",NA,46,176,NA,2,1,NA,NA,NA,23,88,NA,0.5,NA,NA
"226","Neves et al.",2015,"Northeast Atlantic","Lepidorhombus whiffiagonis","Scophthalmidae","Lepidorhombus","Bathydemersal","Deep-water","mainly animals","hunting macrofauna",4.3,0,"None","None","Visual","FTIR","yes","no",NA,44,140,NA,2,0,NA,NA,NA,22,70,NA,0,NA,NA
"227","Neves et al.",2015,"Northeast Atlantic","Lophius piscatorius","Lophiidae","Lophius","Bathydemersal","Deep-water","mainly animals","hunting macrofauna",4.5,0,"None","None","Visual","FTIR","yes","no",NA,NA,NA,NA,2,1,1,NA,NA,NA,NA,NA,0.5,0.5,NA
"228","Neves et al.",2015,"Northeast Atlantic","Merluccius merluccius","Merlucciidae ","Merluccius","Demersal","Temperate","mainly animals","hunting macrofauna",4.4,0,"None","None","Visual","FTIR","yes","no",NA,NA,NA,NA,12,3.03,4.03,7.88,NA,NA,NA,NA,0.2525,0.335833333333333,0.656666666666667
"229","Neves et al.",2015,"Northeast Atlantic","Mullus surmuletus","Mullidae","Mullus","Demersal","Subtropical","mainly animals","hunting macrofauna",3.5,0,"None","None","Visual","FTIR","yes","no",NA,NA,NA,NA,4,4,6.98,NA,NA,NA,NA,NA,1,1.745,NA
"230","Neves et al.",2015,"Northeast Atlantic","Pagellus acarne","Sparidae","Pagellus","Benthopelagic","Subtropical","mainly animals","hunting macrofauna",3.8,0,"None","None","Visual","FTIR","yes","no",NA,25,202,NA,1,1,1,0,NA,25,202,NA,1,1,0
"231","Neves et al.",2015,"Northeast Atlantic","Polyprion americanus","Polypronidae","Polyprion","Demersal","Deep-water","mainly animals","hunting macrofauna",4.1,0,"None","None","Visual","FTIR","yes","no",NA,NA,NA,NA,1,0,NA,NA,NA,NA,NA,NA,0,NA,NA
"232","Neves et al.",2015,"Northeast Atlantic","Raja asterias","Rajidae","Raja","Demersal","Subtropical","mainly animals","hunting macrofauna",3.5,0,"None","None","Visual","FTIR","yes","no",NA,NA,NA,NA,7,3.01,3.99,5.53,NA,NA,NA,NA,0.43,0.57,0.79
"233","Neves et al.",2015,"Northeast Atlantic","Sardina pilchardus","Clupeidae","Sardina","Pelagic-neritic","Subtropical","plants/detritus+animals","selective plankton feeding",3.1,0,"None","None","Visual","FTIR","yes","no",NA,216,924,NA,12,0,NA,NA,NA,18,77,NA,0,NA,NA
"234","Neves et al.",2015,"Northeast Atlantic","Scomber japonicus","Scombridae","Scomber","Pelagic-neritic","Subtropical","mainly animals","hunting macrofauna",3.4,0,"None","None","Visual","FTIR","yes","no",NA,980,7980,NA,35,10.85,19.95,36.4,NA,28,228,NA,0.31,0.57,1.04
"235","Neves et al.",2015,"Northeast Atlantic","Scomber scombrus","Scombridae","Scomber","Pelagic-neritic","Temperate","mainly animals","variable",3.6,0,"None","None","Visual","FTIR","yes","no",NA,377,2470,NA,13,4.03,5.98,10.14,NA,29,190,NA,0.31,0.46,0.78
"236","Neves et al.",2015,"Northeast Atlantic","Scyliorhinus canicula","Scyliorhinidae","Scyliorhinus","Demersal","Subtropical","mainly animals","hunting macrofauna",3.8,0,"None","None","Visual","FTIR","yes","no",NA,NA,NA,NA,20,4.05,4.05,7.35,NA,NA,NA,NA,0.2025,0.2025,0.3675
"237","Neves et al.",2015,"Northeast Atlantic","Solea solea","Soleidae","Solea","Demersal","Subtropical","mainly animals","hunting macrofauna",3.2,0,"None","None","Visual","FTIR","yes","no",NA,NA,NA,NA,1,0,NA,NA,NA,NA,NA,NA,0,NA,NA
"238","Neves et al.",2015,"Northeast Atlantic","Torpedo torpedo","Torpedinidae","Torpedo","Demersal","Deep-water","mainly animals","hunting macrofauna",4.5,0,"None","None","Visual","FTIR","yes","no",NA,NA,NA,NA,1,0,NA,NA,NA,NA,NA,NA,0,NA,NA
"239","Neves et al.",2015,"Northeast Atlantic","Trachurus picturatus","Carangidae","Trachurus","Benthopelagic","Subtropical","mainly animals","variable",3.3,0,"None","None","Visual","FTIR","yes","no",NA,812,6902,NA,29,0.87,0.87,5.22,NA,28,238,NA,0.03,0.03,0.18
"240","Neves et al.",2015,"Northeast Atlantic","Trachurus trachurus","Carangidae","Trachurus","Pelagic-neritic","Subtropical","mainly animals","hunting macrofauna",3.7,0,"None","None","Visual","FTIR","yes","no",NA,1100,6732,NA,44,3.08,3.08,11,NA,25,153,NA,0.07,0.07,0.25
"241","Neves et al.",2015,"Northeast Atlantic","Trichiurus lepturus","Trichiuridae","Trichiurus","Benthopelagic","Subtropical","mainly animals","hunting macrofauna",4.4,0,"None","None","Visual","FTIR","yes","no",NA,NA,NA,NA,1,0,NA,NA,NA,NA,NA,NA,0,NA,NA
"242","Neves et al.",2015,"Northeast Atlantic","Trigla lyra","Triglidae ","Trigla","Bathydemersal","Deep-water","mainly animals","hunting macrofauna",3.7,0,"None","None","Visual","FTIR","yes","no",NA,775,5084,NA,31,5.89,8.06,17.67,NA,25,164,NA,0.19,0.26,0.57
"243","Neves et al.",2015,"Northeast Atlantic","Trisopterus luscus","Gadidae","Trisopterus","Benthopelagic","Temperate","mainly animals","hunting macrofauna",3.7,0,"None","None","Visual","FTIR","yes","no",NA,27,221,NA,1,0,NA,NA,NA,27,221,NA,0,NA,NA
"244","Neves et al.",2015,"Northeast Atlantic","Zeus faber","Zeidae ","Zeus ","Benthopelagic","Temperate","mainly animals","hunting macrofauna",4.5,0,"None","None","Visual","FTIR","yes","no",NA,31,327,NA,1,1,1,0,NA,31,327,NA,1,1,0
"245","Ory et al.",2017,"Southeast Pacific","Decapterus muroadsi","Carangidae","Decapterus","Pelagic-oceanic","Tropical","mainly animals","selective plankton feeding",3.4,0,"None","None","Visual","FTIR","","no",NA,280,NA,NA,20,16,62,8,NA,14,NA,NA,0.8,3.1,0.4
"246","Pegado et al.",2018,"Southwest Atlantic","Anisotremus surinamensis ","Haemulidae","Anisotremus","Reef-associated","Subtropical","mainly animals","hunting macrofauna",3.6,0,"None","None","Visual","FTIR","no","no",NA,NA,NA,NA,1,0,0,NA,NA,NA,NA,NA,0,0,NA
"247","Pegado et al.",2018,"Southwest Atlantic","Anisotremus virginicus ","Haemulidae","Anisotremus","Reef-associated","Subtropical","mainly animals","hunting macrofauna",3.6,0,"None","None","Visual","FTIR","no","no",NA,NA,NA,NA,1,0,0,NA,NA,NA,NA,NA,0,0,NA
"248","Pegado et al.",2018,"Southwest Atlantic","Bagre bagre ","Ariidae","Bagre","Demersal","Tropical","mainly animals","hunting macrofauna",4,0,"None","None","Visual","FTIR","no","no",NA,172.9,3908.1,NA,7,4.998,89.6,NA,NA,24.7,558.3,NA,0.714,12.8,NA
"249","Pegado et al.",2018,"Southwest Atlantic","Bagre marinus","Ariidae","Bagre","Demersal","Subtropical","mainly animals","hunting macrofauna",3.5,0,"None","None","Visual","FTIR","no","no",NA,NA,NA,NA,4,4,31.2,NA,NA,NA,NA,NA,1,7.8,NA
"250","Pegado et al.",2018,"Southwest Atlantic","Bairdiella ronchus ","Sciaenidae","Bairdiella","Demersal","Tropical","mainly animals","variable",3.5,0,"None","None","Visual","FTIR","no","no",NA,NA,NA,NA,4,0,0,NA,NA,NA,NA,NA,0,0,NA
"251","Pegado et al.",2018,"Southwest Atlantic","Batrachoides surinamensis ","Batrachoididae","Batrachoides","Demersal","Tropical","mainly animals","hunting macrofauna",3.7,0,"None","None","Visual","FTIR","no","no",NA,NA,NA,NA,1,0,0,NA,NA,NA,NA,NA,0,0,NA
"252","Pegado et al.",2018,"Southwest Atlantic","Caranx crysos ","Carangidae","Caranx","Reef-associated","Subtropical","mainly animals","hunting macrofauna",4.1,0,"None","None","Visual","FTIR","no","no",NA,NA,NA,NA,3,0,0,NA,NA,NA,NA,NA,0,0,NA
"253","Pegado et al.",2018,"Southwest Atlantic","Caranx hippos","Carangidae","Caranx","Reef-associated","Subtropical","mainly animals","hunting macrofauna",3.6,0,"None","None","Visual","FTIR","no","no",NA,NA,NA,NA,3,3,92.1,NA,NA,NA,NA,NA,1,30.7,NA
"254","Pegado et al.",2018,"Southwest Atlantic","Chaetodipterus faber ","Ephippidae","Chaetodipterus","Reef-associated","Subtropical","mainly animals","hunting macrofauna",4.5,0,"None","None","Visual","FTIR","no","no",NA,NA,NA,NA,5,0,0,NA,NA,NA,NA,NA,0,0,NA
"255","Pegado et al.",2018,"Southwest Atlantic","Colomesus psittacus ","Tetraodontidae","Colomesus","Demersal","Tropical","mainly animals","hunting macrofauna",3.6,0,"None","None","Visual","FTIR","no","no",NA,NA,NA,NA,2,0,0,NA,NA,NA,NA,NA,0,0,NA
"256","Pegado et al.",2018,"Southwest Atlantic","Conodon nobilis ","Haemulidae","Conodon","Demersal","Subtropical","mainly animals","hunting macrofauna",3.6,0,"None","None","Visual","FTIR","no","no",NA,NA,NA,NA,8,0,0,NA,NA,NA,NA,NA,0,0,NA
"257","Pegado et al.",2018,"Southwest Atlantic","Ctenosciaena gracilicirrhus ","Sciaenidae","Ctenosciaena","Demersal","Tropical","mainly animals","hunting macrofauna",3.9,0,"None","None","Visual","FTIR","no","no",NA,NA,NA,NA,11,0,0,NA,NA,NA,NA,NA,0,0,NA
"258","Pegado et al.",2018,"Southwest Atlantic","Cynoponticus savanna ","Muraenesocidae","Cynoponticus","Demersal","Deep-water","mainly animals","hunting macrofauna",3.5,0,"None","None","Visual","FTIR","no","no",NA,NA,NA,NA,1,0,0,NA,NA,NA,NA,NA,0,0,NA
"259","Pegado et al.",2018,"Southwest Atlantic","Cynoscion jamaicensis ","Sciaenidae","Cynoscion","Demersal","Subtropical","mainly animals","hunting macrofauna",3.8,0,"None","None","Visual","FTIR","no","no",NA,NA,NA,NA,3,0,0,NA,NA,NA,NA,NA,0,0,NA
"260","Pegado et al.",2018,"Southwest Atlantic","Cynoscion leiarchus","Sciaenidae","Cynoscion","Demersal","Tropical","mainly animals","hunting macrofauna",3.1,0,"None","None","Visual","FTIR","no","no",NA,NA,NA,NA,2,1,4,NA,NA,NA,NA,NA,0.5,2,NA
"261","Pegado et al.",2018,"Southwest Atlantic","Cynoscion microlepidotus","Sciaenidae","Cynoscion","Demersal","Tropical","","",4,0,"None","None","Visual","FTIR","no","no",NA,NA,NA,NA,16,2.992,20.8,NA,NA,NA,NA,NA,0.187,1.3,NA
"262","Pegado et al.",2018,"Southwest Atlantic","Cynoscion virescens","Sciaenidae","Cynoscion","Demersal","Tropical","mainly animals","hunting macrofauna",4,0,"None","None","Visual","FTIR","no","no",NA,NA,NA,NA,7,1.001,21,NA,NA,NA,NA,NA,0.143,3,NA
"263","Pegado et al.",2018,"Southwest Atlantic","Epinephelus itajara ","Serranidae","Epinephelus","Reef-associated","Subtropical","mainly animals","hunting macrofauna",4.1,0,"None","None","Visual","FTIR","no","no",NA,NA,NA,NA,2,0,0,NA,NA,NA,NA,NA,0,0,NA
"264","Pegado et al.",2018,"Southwest Atlantic","Genyatremus luteus ","Haemulidae","Genyatremus","Demersal","Tropical","mainly animals","hunting macrofauna",3.5,0,"None","None","Visual","FTIR","no","no",NA,NA,NA,NA,8,0,0,NA,NA,NA,NA,NA,0,0,NA
"265","Pegado et al.",2018,"Southwest Atlantic","Gymnothorax ocellatus","Muraenidae","Gymnothorax","Reef-associated","Tropical","mainly animals","hunting macrofauna",4.1,0,"None","None","Visual","FTIR","no","no",NA,NA,NA,NA,1,0,0,NA,NA,NA,NA,NA,0,0,NA
"266","Pegado et al.",2018,"Southwest Atlantic","Haemulon plumierii ","Haemulidae","Haemulon","Reef-associated","Subtropical","mainly animals","hunting macrofauna",3.8,0,"None","None","Visual","FTIR","no","no",NA,NA,NA,NA,13,0,0,NA,NA,NA,NA,NA,0,0,NA
"267","Pegado et al.",2018,"Southwest Atlantic","Haemulon steindachneri ","Haemulidae","Haemulon","Reef-associated","Tropical","mainly animals","hunting macrofauna",3.7,0,"None","None","Visual","FTIR","no","no",NA,NA,NA,NA,5,0,0,NA,NA,NA,NA,NA,0,0,NA
"268","Pegado et al.",2018,"Southwest Atlantic","Lutjanus analis","Haemulidae","Lutjanus","Reef-associated","Tropical","mainly animals","hunting macrofauna",3.9,0,"None","None","Visual","FTIR","no","no",NA,NA,NA,NA,3,0.9999,3,NA,NA,NA,NA,NA,0.3333,1,NA
"269","Pegado et al.",2018,"Southwest Atlantic","Lutjanus synagris","Haemulidae","Lutjanus","Reef-associated","Subtropical","mainly animals","hunting macrofauna",3.8,0,"None","None","Visual","FTIR","no","no",NA,NA,NA,NA,2,1,2,NA,NA,NA,NA,NA,0.5,1,NA
"270","Pegado et al.",2018,"Southwest Atlantic","Macrodon ancylodon ","Sciaenidae","Macrodon","Demersal","Subtropical","mainly animals","hunting macrofauna",3.9,0,"None","None","Visual","FTIR","no","no",NA,NA,NA,NA,13,1.001,26,NA,NA,NA,NA,NA,0.077,2,NA
"271","Pegado et al.",2018,"Southwest Atlantic","Menticirrhus americanus ","Sciaenidae","Menticirrhus","Demersal","Subtropical","mainly animals","hunting macrofauna",3.5,0,"None","None","Visual","FTIR","no","no",NA,NA,NA,NA,1,0,0,NA,NA,NA,NA,NA,0,0,NA
"272","Pegado et al.",2018,"Southwest Atlantic","Micropogonias furnieri ","Sciaenidae","Micropogonias","Demersal","Subtropical","mainly animals","hunting macrofauna",3.1,0,"None","None","Visual","FTIR","no","no",NA,NA,NA,NA,6,0,0,NA,NA,NA,NA,NA,0,0,NA
"273","Pegado et al.",2018,"Southwest Atlantic","Mustelus canis ","Triakidae","Mustelus","Demersal","Subtropical","mainly animals","hunting macrofauna",3.6,0,"None","None","Visual","FTIR","no","no",NA,NA,NA,NA,2,0,0,NA,NA,NA,NA,NA,0,0,NA
"274","Pegado et al.",2018,"Southwest Atlantic","Mustelus higmani ","Triakidae","Mustelus","Demersal","Deep-water","mainly animals","hunting macrofauna",3.6,0,"None","None","Visual","FTIR","no","no",NA,NA,NA,NA,3,0,0,NA,NA,NA,NA,NA,0,0,NA
"275","Pegado et al.",2018,"Southwest Atlantic","Narcine brasiliensis","Narcinidae","Rhinoptera","Reef-associated","Subtropical","mainly animals","hunting macrofauna",3.2,0,"None","None","Visual","FTIR","no","no",NA,NA,NA,NA,6,1.002,18,NA,NA,NA,NA,NA,0.167,3,NA
"276","Pegado et al.",2018,"Southwest Atlantic","Notarius grandicassis ","Ariidae","Notarius","Demersal","Tropical","","",4,0,"None","None","Visual","FTIR","no","no",NA,NA,NA,NA,4,0,0,NA,NA,NA,NA,NA,0,0,NA
"277","Pegado et al.",2018,"Southwest Atlantic","Ophichthus cylindroideus ","Ophichthidae","Ophichthus","Demersal","Tropical","","",4,0,"None","None","Visual","FTIR","no","no",NA,NA,NA,NA,1,0,0,NA,NA,NA,NA,NA,0,0,NA
"278","Pegado et al.",2018,"Southwest Atlantic","Ophichthus ophis ","Ophichthidae","Ophichthus","Demersal","Subtropical","mainly animals","hunting macrofauna",4.5,0,"None","None","Visual","FTIR","no","no",NA,NA,NA,NA,1,0,0,NA,NA,NA,NA,NA,0,0,NA
"279","Pegado et al.",2018,"Southwest Atlantic","Orthopristis ruber ","Haemulidae","Orthopristis","Demersal","Tropical","mainly animals","hunting macrofauna",3.6,0,"None","None","Visual","FTIR","no","no",NA,NA,NA,NA,2,0,0,NA,NA,NA,NA,NA,0,0,NA
"280","Pegado et al.",2018,"Southwest Atlantic","Paralonchurus brasiliensis ","Sciaenidae","Paralonchurus","Demersal","Subtropical","","",3.4,0,"None","None","Visual","FTIR","no","no",NA,NA,NA,NA,6,0,0,NA,NA,NA,NA,NA,0,0,NA
"281","Pegado et al.",2018,"Southwest Atlantic","Peprilus paru","Stromateidae","Peprilus","Benthopelagic","Subtropical","mainly animals","hunting macrofauna",4.5,0,"None","None","Visual","FTIR","no","no",NA,NA,NA,NA,2,0,0,NA,NA,NA,NA,NA,0,0,NA
"282","Pegado et al.",2018,"Southwest Atlantic","Polydactylus oligodon","Polynemidae","Polydactylus","Demersal","Tropical","mainly animals","hunting macrofauna",3.7,0,"None","None","Visual","FTIR","no","no",NA,NA,NA,NA,1,1,3,NA,NA,NA,NA,NA,1,3,NA
"283","Pegado et al.",2018,"Southwest Atlantic","Polydactylus virginicus ","Polynemidae","Polydactylus","Demersal","Tropical","mainly animals","hunting macrofauna",3.7,0,"None","None","Visual","FTIR","no","no",NA,NA,NA,NA,13,0,0,NA,NA,NA,NA,NA,0,0,NA
"284","Pegado et al.",2018,"Southwest Atlantic","Pomatomus saltatrix ","Pomatomidae","Pomatomus","Pelagic-oceanic","Subtropical","mainly animals","hunting macrofauna",4.5,0,"None","None","Visual","FTIR","no","no",NA,NA,NA,NA,2,0,0,NA,NA,NA,NA,NA,0,0,NA
"285","Pegado et al.",2018,"Southwest Atlantic","Rachycentron canadum","Rachycentridae","Rachycentron","Reef-associated","Subtropical","mainly animals","hunting macrofauna",4,0,"None","None","Visual","FTIR","no","no",NA,NA,NA,NA,1,0,0,NA,NA,NA,NA,NA,0,0,NA
"286","Pegado et al.",2018,"Southwest Atlantic","Rhinoptera bonasus ","Myliobatidae","Rhinoptera","Benthopelagic","Tropical","mainly animals","hunting macrofauna",3.2,0,"None","None","Visual","FTIR","no","no",NA,NA,NA,NA,1,0,0,NA,NA,NA,NA,NA,0,0,NA
"287","Pegado et al.",2018,"Southwest Atlantic","Scomberomorus brasiliensis ","Scombridae","Scomberomorus","Reef-associated","Tropical","mainly animals","hunting macrofauna",3.3,0,"None","None","Visual","FTIR","no","no",NA,NA,NA,NA,1,0,0,NA,NA,NA,NA,NA,0,0,NA
"288","Pegado et al.",2018,"Southwest Atlantic","Selene setapinnis ","Carangidae","Selene","Benthopelagic","Subtropical","mainly animals","hunting macrofauna",3.7,0,"None","None","Visual","FTIR","no","no",NA,NA,NA,NA,1,0,0,NA,NA,NA,NA,NA,0,0,NA
"289","Pegado et al.",2018,"Southwest Atlantic","Selene vomer ","Carangidae","Selene","Demersal","Subtropical","mainly animals","hunting macrofauna",4.3,0,"None","None","Visual","FTIR","no","no",NA,NA,NA,NA,2,1,4,NA,NA,NA,NA,NA,0.5,2,NA
"290","Pegado et al.",2018,"Southwest Atlantic","Sphyrna tiburo","Sphyrnidae","Sphyrna","Reef-associated","Subtropical","mainly animals","hunting macrofauna",3.9,0,"None","None","Visual","FTIR","no","no",NA,NA,NA,NA,2,2,18,NA,NA,NA,NA,NA,1,9,NA
"291","Pegado et al.",2018,"Southwest Atlantic","Trichiurus lepturus","Trichiuridae","Trichiurus","Benthopelagic","Subtropical","mainly animals","hunting macrofauna",4.4,0,"None","None","Visual","FTIR","no","no",NA,NA,NA,NA,5,1,10,NA,NA,NA,NA,NA,0.2,2,NA
"292","Pellini et al.",2018,"Mediterranean and Black Sea","Solea solea","Soleidae","Solea","Demersal","Subtropical","mainly animals","hunting macrofauna",3.2,0,"None","KOH","Visual","FTIR","no","yes",NA,NA,NA,NA,533,506.35,912.19,32.15,NA,NA,NA,NA,0.95,1.71142589118199,0.0603189493433396
"293","Peters et al.",2017,"Western Central Atlantic","Chaetodipterus faber ","Ephippidae","Chaetodipterus","Reef-associated","Subtropical","mainly animals","hunting macrofauna",4.5,53,"None","None","Visual","None","yes","",NA,1349.3,10238.2,298.7,103,47.998,142.14,NA,NA,13.1,99.4,2.9,0.466,1.38,NA
"294","Peters et al.",2017,"Western Central Atlantic","Cynoscion arenarius ","Sciaenidae","Cynoscion","Demersal","Subtropical","mainly animals","hunting macrofauna",4.2,53,"None","None","Visual","None","yes","",NA,2849.5,14622.8,264.1,139,60.048,109.81,NA,NA,20.5,105.2,1.9,0.432,0.79,NA
"295","Peters et al.",2017,"Western Central Atlantic","Lagodon rhomboids ","Sparidae","Lagodon","Demersal","Subtropical","mainly animals","hunting macrofauna",4.4,53,"None","None","Visual","None","yes","",NA,6465.6,25727.7,538.8,449,208.785,431.04,NA,NA,14.4,57.3,1.2,0.465,0.96,NA
"296","Peters et al.",2017,"Western Central Atlantic","Menticirrhus americanus ","Sciaenidae","Menticirrhus","Demersal","Subtropical","mainly animals","hunting macrofauna",3.5,53,"None","None","Visual","None","yes","",NA,2970,14490,315,150,52.95,85.5,NA,NA,19.8,96.6,2.1,0.353,0.57,NA
"297","Peters et al.",2017,"Western Central Atlantic","Micropogonias undulatus","Sciaenidae","Micropogonias","Demersal","Subtropical","mainly animals","hunting macrofauna",4,53,"None","None","Visual","None","yes","",NA,6779.1,29069.7,497.9,383,173.116,333.21,NA,NA,17.7,75.9,1.3,0.452,0.87,NA
"298","Peters et al.",2017,"Western Central Atlantic","Orthopristis chrysoptera","Haemulidae","Orthopristis","Demersal","Temperate","mainly animals","hunting macrofauna",3.4,53,"None","None","Visual","None","yes","",NA,2684.7,12073.3,172.7,157,42.076,84.78,NA,NA,17.1,76.9,1.1,0.268,0.54,NA
"299","Piccardo et al.",2018,"Mediterranean and Black Sea","Mullus barbatus barbatus","Mullidae","Mullus","Demersal","Subtropical","mainly animals","hunting macrofauna",3.1,3,"NaCl","H2O2","Visual","None","no","yes",NA,201.6,NA,862.8,12,11.04,175.2,55.32,NA,16.8,NA,71.9,0.92,14.6,4.61
"300","Ramos et al.",2012,"Southwest Atlantic","Diapterus rhombeus","Gerreidae","Diapterus","Demersal","Tropical","mainly animals","hunting macrofauna",3,0,"None","None","Visual","None","no","no",NA,NA,NA,NA,44,5.016,7.9,4.44,NA,NA,NA,NA,0.114,0.179545454545455,0.100909090909091
"301","Ramos et al.",2012,"Southwest Atlantic","Eucinostomus melanopterus","Gerreidae","Eucinostomus","Demersal","Subtropical","mainly animals","variable",3.4,0,"None","None","Visual","None","no","no",NA,NA,NA,208.2,13,1.196,1.76,1.01,NA,NA,NA,16.0153846153846,0.092,0.135384615384615,0.0776923076923077
"302","Ramos et al.",2012,"Southwest Atlantic","Eugerres brasilianus","Gerreidae ","Eugerres","Demersal","Tropical","mainly animals","hunting macrofauna",3.4,0,"None","None","Visual","None","no","no",NA,NA,NA,396.81,39,6.357,12.06,2.61,NA,NA,NA,10.1746153846154,0.163,0.309230769230769,0.0669230769230769
"303","Rochman et al.",2015,"Eastern Central Pacific","Atherinopsis californiensis","Atherinopsidae ","Atherinopsis","Pelagic-neritic","Subtropical","plants/detritus+animals","variable",2.3,500,"None","KOH","Visual","None","yes","no",NA,NA,NA,NA,7,2.03,11.2,25.9,NA,NA,NA,NA,0.29,1.6,3.7
"304","Rochman et al.",2015,"Eastern Central Pacific","Citharichthys sordidus","Paralichthyidae ","Citharichthys","Demersal","Temperate","mainly animals","hunting macrofauna",3.5,500,"None","KOH","Visual","None","yes","no",NA,NA,NA,NA,5,3,5,6,NA,NA,NA,NA,0.6,1,1.2
"305","Rochman et al.",2015,"Western Central Pacific","Decapterus macrosoma","Carangidae ","Decapterus","Reef-associated","Tropical","mainly animals","selective plankton feeding",3.4,500,"None","KOH","Visual","None","no","no",NA,NA,NA,NA,17,4.93,42.5,107.1,NA,NA,NA,NA,0.29,2.5,6.3
"306","Rochman et al.",2015,"Eastern Central Pacific","Engraulis mordax","Engraulidae","Engraulis ","Pelagic-neritic","Subtropical","mainly animals","selective plankton feeding",3.1,500,"None","KOH","Visual","None","yes","no",NA,NA,NA,NA,10,3,3,5,NA,NA,NA,NA,0.3,0.3,0.5
"307","Rochman et al.",2015,"Western Central Pacific","Katsuwonus pelamis","Scombridae","Katsuwonus","Pelagic-oceanic","Tropical","mainly animals","hunting macrofauna",4.4,500,"None","KOH","Visual","None","no","no",NA,NA,NA,NA,9,0,0,0,NA,NA,NA,NA,0,0,0
"308","Rochman et al.",2015,"Western Central Pacific","Lutjanus gibbus","Lutjanidae","Lutjanus","Reef-associated","Tropical","mainly animals","hunting macrofauna",4.1,500,"None","KOH","Visual","None","no","no",NA,NA,NA,NA,5,0,0,0,NA,NA,NA,NA,0,0,0
"309","Rochman et al.",2015,"Eastern Central Pacific","Morone saxatilis","Moronidae ","Morone ","Demersal","Temperate","mainly animals","hunting macrofauna",4.7,500,"None","KOH","Visual","None","yes","no",NA,NA,NA,NA,7,2.03,6.3,8.4,NA,NA,NA,NA,0.29,0.9,1.2
"310","Rochman et al.",2015,"Eastern Central Pacific","Oncorhynchus tshawytscha","Salmonidae ","Oncorhynchus","Benthopelagic","Temperate","mainly animals","hunting macrofauna",4.4,500,"None","KOH","Visual","None","yes","no",NA,NA,NA,NA,4,1,1,2,NA,NA,NA,NA,0.25,0.25,0.5
"311","Rochman et al.",2015,"Eastern Central Pacific","Ophiodon elongatus","Hexagrammidae","Ophiodon","Demersal","Temperate","mainly animals","hunting macrofauna",4.5,500,"None","KOH","Visual","None","yes","no",NA,NA,NA,NA,11,0.99,1.1,3.3,NA,NA,NA,NA,0.09,0.1,0.3
"312","Rochman et al.",2015,"Western Central Pacific","Oreochromis niloticus","Cichlidae","Oreochromis","Benthopelagic","Tropical","mainly plants/detritus","browsing on substrate",2,500,"None","KOH","Visual","None","no","no",NA,NA,NA,NA,5,0,0,0,NA,NA,NA,NA,0,0,0
"313","Rochman et al.",2015,"Western Central Pacific","Rastrelliger kanagurta","Scombridae","Rastrelliger","Pelagic-neritic","Tropical","mainly animals","hunting macrofauna",3.2,500,"None","KOH","Visual","None","no","no",NA,NA,NA,NA,9,5.04,9,9.9,NA,NA,NA,NA,0.56,1,1.1
"314","Rochman et al.",2015,"Eastern Central Pacific","Scomber japonicus","Scombridae","Scomber","Pelagic-neritic","Subtropical","mainly animals","hunting macrofauna",3.4,500,"None","KOH","Visual","None","yes","no",NA,NA,NA,NA,1,0,0,0,NA,NA,NA,NA,0,0,0
"315","Rochman et al.",2015,"Eastern Central Pacific","Sebastes caurinus","Sebastidae","Sebastes","Demersal","Subtropical","mainly animals","hunting macrofauna",4.1,500,"None","KOH","Visual","None","yes","no",NA,NA,NA,NA,1,0,0,0,NA,NA,NA,NA,0,0,0
"316","Rochman et al.",2015,"Eastern Central Pacific","Sebastes flavidus","Sebastidae","Sebastes","Reef-associated","Temperate","mainly animals","hunting macrofauna",4.2,500,"None","KOH","Visual","None","yes","no",NA,NA,NA,NA,3,0.99,0.9,1.8,NA,NA,NA,NA,0.33,0.3,0.6
"317","Rochman et al.",2015,"Eastern Central Pacific","Sebastes miniatus","Sebastidae","Sebastes","Reef-associated","Subtropical","","",3.9,500,"None","KOH","Visual","None","yes","no",NA,NA,NA,NA,3,0,0,0,NA,NA,NA,NA,0,0,0
"318","Rochman et al.",2015,"Eastern Central Pacific","Sebastes mystinus","Sebastidae","Sebastes","Reef-associated","Subtropical","mainly animals","variable",2.7,500,"None","KOH","Visual","None","yes","no",NA,NA,NA,NA,10,2,2,4,NA,NA,NA,NA,0.2,0.2,0.4
"319","Rochman et al.",2015,"Western Central Pacific","Selar boops","Carangidae","Selar","Reef-associated","Subtropical","mainly animals","variable",3.5,500,"None","KOH","Visual","None","no","no",NA,NA,NA,NA,7,0,0,0,NA,NA,NA,NA,0,0,0
"320","Rochman et al.",2015,"Western Central Pacific","Siganus argenteus","Siganidae ","Siganus","Reef-associated","Tropical","mainly plants/detritus","grazing on aquatic plants",2,500,"None","KOH","Visual","None","no","no",NA,NA,NA,NA,2,1,1,1.4,NA,NA,NA,NA,0.5,0.5,0.7
"321","Rochman et al.",2015,"Western Central Pacific","Siganus canaliculatus","Siganidae ","Siganus","Reef-associated","Tropical","plants/detritus+animals","grazing on aquatic plants",2.8,500,"None","KOH","Visual","None","no","no",NA,NA,NA,NA,3,0.99,0.9,1.8,NA,NA,NA,NA,0.33,0.3,0.6
"322","Rochman et al.",2015,"Western Central Pacific","Siganus fuscescens","Siganidae","Siganus","Reef-associated","Tropical","mainly plants/detritus","grazing on aquatic plants",2,500,"None","KOH","Visual","None","no","no",NA,NA,NA,NA,2,0,0,0,NA,NA,NA,NA,0,0,0
"323","Rochman et al.",2015,"Western Central Pacific","Spratelloides gracilis","Clupeidae ","Spratelloides","Pelagic-neritic","Tropical","mainly animals","selective plankton feeding",3.1,500,"None","KOH","Visual","None","no","no",NA,NA,NA,NA,10,4,11,17,NA,NA,NA,NA,0.4,1.1,1.7
"324","Rochman et al.",2015,"Eastern Central Pacific","Thunnus alalunga","Scombridae","Thunnus","Pelagic-oceanic","Subtropical","mainly animals","hunting macrofauna",4.3,500,"None","KOH","Visual","None","yes","no",NA,NA,NA,NA,2,0,0,0,NA,NA,NA,NA,0,0,0
"325","Romeo et al.",2015,"Mediterranean and Black Sea","Thunnus alalunga","Scombridae","Thunnus","Pelagic-oceanic","Subtropical","mainly animals","hunting macrofauna",4.3,0,"None","None","Visual","None","no","no",2449,NA,86800,NA,31,3.999,399.9,NA,79,NA,2800,NA,0.129,12.9,NA
"326","Romeo et al.",2015,"Mediterranean and Black Sea","Thunnus thynnus","Scombridae","Thunnus","Pelagic-oceanic","Subtropical","mainly animals","hunting macrofauna",4.5,0,"None","None","Visual","None","no","no",5317.6,NA,1995800,NA,34,11.016,15.98,NA,156.4,NA,58700,NA,0.324,0.47,NA
"327","Romeo et al.",2015,"Southwest Atlantic","Xiphias gladius","Xiphiidae","Xiphias","Pelagic-oceanic","Temperate","mainly animals","hunting macrofauna",4.5,0,"None","None","Visual","None","no","no",8142.4,NA,2307200,NA,56,7,8.96,NA,145.4,NA,41200,NA,0.125,0.16,NA
"328","Rummel et al.",2016,"Northeast Atlantic","Clupea harengus","Clupeidae","Clupea","Benthopelagic","Temperate","mainly animals","selective plankton feeding",3.4,500,"None","None","Visual","FTIR","no","no",NA,719,2486,NA,33,0,NA,NA,NA,21.7878787878788,75.3333333333333,NA,0,NA,NA
"329","Rummel et al.",2016,"Northeast Atlantic","Gadus morhua","Gadidae","Gadus","Benthopelagic","Temperate","mainly animals","hunting macrofauna",4.1,500,"None","None","Visual","FTIR","no","no",NA,2938,33467,NA,81,1.036,NA,NA,NA,36.2716049382716,413.172839506173,NA,0.0127901234567901,NA,NA
"330","Rummel et al.",2016,"Northeast Atlantic","Limanda limanda","Pleuronectidae","Limanda","Demersal","Temperate","mainly animals","hunting macrofauna",3.4,500,"None","None","Visual","FTIR","no","no",NA,2032,9462,NA,89,3.996,NA,NA,NA,22.8314606741573,106.314606741573,NA,0.0448988764044944,NA,NA
"331","Rummel et al.",2016,"Northeast Atlantic","Platichthys flesus","Pleuronectidae","Platichthys","Demersal","Temperate","mainly animals","hunting macrofauna",3.3,500,"None","None","Visual","FTIR","no","no",NA,1088,10076,NA,36,2,NA,NA,NA,30.2222222222222,279.888888888889,NA,0.0555555555555556,NA,NA
"332","Rummel et al.",2016,"Northeast Atlantic","Scomber scombrus","Scombridae","Scomber","Pelagic-neritic","Temperate","mainly animals","variable",3.6,500,"None","None","Visual","FTIR","no","no",NA,1454,9721,NA,51,9.02,NA,NA,NA,28.5098039215686,190.607843137255,NA,0.176862745098039,NA,NA
"333","Smith",2018,"Northeast Atlantic","Scyliorhinus canicula","Scyliorhinidae","Scyliorhinus","Demersal","Subtropical","mainly animals","hunting macrofauna",3.8,0,"None","None","Visual","None","no","no",NA,1280,NA,NA,20,1,1,4.2,NA,64,NA,NA,0.05,0.05,0.21
"334","Tanaka and Takada",2016,"Northwest Pacific","Engraulis japonicus","Engraulidae","Engraulis","Pelagic-neritic","Temperate","plants/detritus+animals","filtering plankton",3.1,0,"None","KOH","Visual","FTIR","no","yes",NA,7200,NA,NA,64,49.28,147.2,160,NA,112.5,NA,NA,0.77,2.3,2.5
"335","Vendel et al.",2017,"Southwest Atlantic","Achirus lineatus","Achiridae","Achirus","Reef-associated","Tropical","mainly animals","hunting macrofauna",3.5,0,"None","None","Visual","None","yes","no",NA,539.6,66.8,NA,10,NA,2,NA,NA,53.96,6.68,NA,NA,0.2,NA
"336","Vendel et al.",2017,"Southwest Atlantic","Anchoa januaria","Engraulidae","Anchoa","Pelagic-neritic","Tropical","plants/detritus+animals","",2.9,0,"None","None","Visual","None","yes","no",NA,10817.4,237.8,NA,194,NA,28.49,NA,NA,55.759793814433,1.22577319587629,NA,NA,0.146855670103093,NA
"337","Vendel et al.",2017,"Southwest Atlantic","Anchoa marinii","Engraulidae","Anchoa","Pelagic-oceanic","Subtropical","mainly animals","selective plankton feeding",3.4,0,"None","None","Visual","None","yes","no",NA,937,8.48,NA,22,NA,0.95,NA,NA,42.5909090909091,0.385454545454545,NA,NA,0.0431818181818182,NA
"338","Vendel et al.",2017,"Southwest Atlantic","Anchovia clupeoides","Engraulidae","Anchovia","Benthopelagic","Tropical","mainly animals","selective plankton feeding",3.4,0,"None","None","Visual","None","yes","no",NA,946,62.4,NA,10,NA,1.04,NA,NA,94.6,6.24,NA,NA,0.104,NA
"339","Vendel et al.",2017,"Southwest Atlantic","Atherinella brasiliensis","Atherinopsidae ","Atherinella","Benthopelagic","Tropical","plants/detritus+animals","hunting macrofauna",3.2,0,"None","None","Visual","None","yes","no",NA,23958,950.5,NA,405,NA,16.45,NA,NA,59.1555555555556,2.34691358024691,NA,NA,0.0406172839506173,NA
"340","Vendel et al.",2017,"Southwest Atlantic","Caranx latus","Carangidae","Caranx","Reef-associated","Subtropical","mainly animals","hunting macrofauna",4.2,0,"None","None","Visual","None","yes","no",NA,2608.8,93,NA,57,NA,0,NA,NA,45.7684210526316,1.63157894736842,NA,NA,0,NA
"341","Vendel et al.",2017,"Southwest Atlantic","Citharichthys spilopterus","Paralichthyidae","Citharichthys","Demersal","Tropical","mainly animals","variable",3.6,0,"None","None","Visual","None","yes","no",NA,NA,NA,NA,12,NA,0,NA,NA,NA,NA,NA,NA,0,NA
"342","Vendel et al.",2017,"Southwest Atlantic","Ctenogobius boleosoma","Gobiidae","Ctenogobius","Reef-associated","Tropical","mainly animals","hunting macrofauna",3.3,0,"None","None","Visual","None","yes","no",NA,738.7,5.4,NA,27,NA,0.96,NA,NA,27.3592592592593,0.2,NA,NA,0.0355555555555556,NA
"343","Vendel et al.",2017,"Southwest Atlantic","Diapterus auratus","Gerreidae","Diapterus","Demersal","Tropical","plants/detritus+animals","variable",2.4,0,"None","None","Visual","None","yes","no",NA,1577.6,29,NA,29,NA,28.13,NA,NA,54.4,1,NA,NA,0.97,NA
"344","Vendel et al.",2017,"Southwest Atlantic","Diapterus rhombeus","Gerreidae","Diapterus","Demersal","Tropical","mainly animals","hunting macrofauna",3,0,"None","None","Visual","None","yes","no",NA,1176.1,20.9,NA,31,NA,1.08,NA,NA,37.9387096774194,0.674193548387097,NA,NA,0.0348387096774194,NA
"345","Vendel et al.",2017,"Southwest Atlantic","Eucinoctomus melanopterus","Gerreidae","Eucinostomus","Demersal","Subtropical","mainly animals","variable",3.4,0,"None","None","Visual","None","yes","no",NA,469.3,3.8,NA,19,NA,0,NA,NA,24.7,0.2,NA,NA,0,NA
"346","Vendel et al.",2017,"Southwest Atlantic","Eucinostomus argenteus","Gerreidae","Eucinostomus","Demersal","Subtropical","mainly animals","variable",3.2,0,"None","None","Visual","None","yes","no",NA,4868.4,154.4,NA,98,NA,0.92,NA,NA,49.6775510204082,1.57551020408163,NA,NA,0.00938775510204082,NA
"347","Vendel et al.",2017,"Southwest Atlantic","Eucinostomus melanopterus","Gerreidae","Eucinostomus","Demersal","Subtropical","mainly animals","variable",3.4,0,"None","None","Visual","None","yes","no",NA,65,0.4,NA,2,NA,0,NA,NA,32.5,0.2,NA,NA,0,NA
"348","Vendel et al.",2017,"Southwest Atlantic","Eugerres brasilianus","Gerreidae","Eugerres","Demersal","Tropical","mainly animals","hunting macrofauna",3.4,0,"None","None","Visual","None","yes","no",NA,2721.7,91.53,NA,64,NA,2.82,NA,NA,42.5265625,1.43015625,NA,NA,0.0440625,NA
"349","Vendel et al.",2017,"Southwest Atlantic","Hyporhamphus roberti roberti","Hemiramphidae","Hyporhamphus","Pelagic-neritic","Subtropical","","",3,0,"None","None","Visual","None","yes","no",NA,4673.1,117.6,NA,35,NA,0.93,NA,NA,133.517142857143,3.36,NA,NA,0.0265714285714286,NA
"350","Vendel et al.",2017,"Southwest Atlantic","Hyporhamphus unifasciatus","Hemiramphidae","Hyporhamphus","Reef-associated","Subtropical","mainly plants/detritus","grazing on aquatic plants",2,0,"None","None","Visual","None","yes","no",NA,27461,750.7,NA,209,NA,29.74,NA,NA,131.392344497608,3.59186602870813,NA,NA,0.142296650717703,NA
"351","Vendel et al.",2017,"Southwest Atlantic","Lycengraulis grossidens","Engraulidae","Lycengraulis","Pelagic-neritic","Subtropical","mainly animals","hunting macrofauna",3.7,0,"None","None","Visual","None","yes","no",NA,8942.8,338,NA,146,NA,26.32,NA,NA,61.2520547945205,2.31506849315068,NA,NA,0.18027397260274,NA
"352","Vendel et al.",2017,"Southwest Atlantic","Mugil curema","Mugilidae","Mugil","Reef-associated","Subtropical","mainly plants/detritus","grazing on aquatic plants",2,0,"None","None","Visual","None","yes","no",NA,7415.8,881.6,NA,186,NA,1,NA,NA,39.8698924731183,4.73978494623656,NA,NA,0.00537634408602151,NA
"353","Vendel et al.",2017,"Southwest Atlantic","Oligoplites saurus","Carangidae","Oligoplites","Reef-associated","Subtropical","mainly animals","hunting macrofauna",4.3,0,"None","None","Visual","None","yes","no",NA,1342.4,31,NA,22,NA,1.02,NA,NA,61.0181818181818,1.40909090909091,NA,NA,0.0463636363636364,NA
"354","Vendel et al.",2017,"Southwest Atlantic","Opisthonema oglinum","Clupeidae","Opisthonema","Reef-associated","Tropical","mainly animals","hunting macrofauna",4.5,0,"None","None","Visual","None","yes","no",NA,7480,1098.6,NA,56,NA,13.02,NA,NA,133.571428571429,19.6178571428571,NA,NA,0.2325,NA
"355","Vendel et al.",2017,"Southwest Atlantic","Poecilia vivipara","Poeciliidae","Poecilia","Benthopelagic","Tropical","mainly animals","hunting macrofauna",2.3,0,"None","None","Visual","None","yes","no",NA,2407.3,98.1,NA,75,NA,7.11,NA,NA,32.0973333333333,1.308,NA,NA,0.0948,NA
"356","Vendel et al.",2017,"Southwest Atlantic","Polydactylus virginicus","Polynemidae","Polydactylus","Demersal","Tropical","mainly animals","hunting macrofauna",3.7,0,"None","None","Visual","None","yes","no",NA,1421,140,NA,14,NA,0,NA,NA,101.5,10,NA,NA,0,NA
"357","Vendel et al.",2017,"Southwest Atlantic","Rhinosardinia bahiensis","Clupeidae","Rhinosardinia","Pelagic","Tropical","","",3.1,0,"None","None","Visual","None","yes","no",NA,12208.4,446.9,NA,179,NA,33.46,NA,NA,68.2033519553073,2.49664804469274,NA,NA,0.186927374301676,NA
"358","Vendel et al.",2017,"Southwest Atlantic","Sciades herzbergii","Ariidae","Sciades","Demersal","Tropical","mainly animals","hunting macrofauna",3.3,0,"None","None","Visual","None","yes","no",NA,4149.3,498,NA,57,NA,4.08,NA,NA,72.7947368421053,8.73684210526316,NA,NA,0.071578947368421,NA
"359","Vendel et al.",2017,"Southwest Atlantic","Sphoeroides greeleyi","Tetraodontidae","Sphoeroides","Reef-associated","Tropical","mainly animals","hunting macrofauna",3.5,0,"None","None","Visual","None","yes","no",NA,2025.5,246.61,NA,31,NA,0,NA,NA,65.3387096774194,7.95516129032258,NA,NA,0,NA
"360","Vendel et al.",2017,"Southwest Atlantic","Sphoeroides testudineus","Tetraodontidae","Sphoeroides","Reef-associated","Subtropical","mainly animals","hunting macrofauna",3.4,0,"None","None","Visual","None","yes","no",NA,3523.3,1194.6,NA,55,NA,1.98,NA,NA,64.06,21.72,NA,NA,0.036,NA
"361","Vendel et al.",2017,"Southwest Atlantic","Symphurus tessellatus","Cynoglossidae","Symphurus","Demersal","Tropical","mainly animals","hunting macrofauna",3.6,0,"None","None","Visual","None","yes","no",NA,2960.4,321.2,NA,26,NA,1,NA,NA,113.861538461538,12.3538461538462,NA,NA,0.0384615384615385,NA
"362","Welden et al.",2018,"Southwest Atlantic","Pleuronectes platessa","Pleuronectidae","Pleuronectes","Demersal","Temperate","mainly animals","hunting macrofauna",3.2,0,"None","None","Visual","FTIR","yes","no",NA,NA,NA,NA,109,54.5,159.14,111.18,NA,NA,NA,NA,0.5,1.46,1.02
"363","Wesch et al.",2016,"Northeast Atlantic","Zoarces viviparus","Zoarcidae","Zoarces","Demersal","Temperate","mainly animals","hunting macrofauna",3.5,0,"None","KOH","Visual","FTIR","","",NA,NA,NA,NA,150,0,0,NA,NA,NA,NA,NA,0,0,NA
"364","Wieczorek et al.",2018,"Northwest Atlantic","Benthosema glaciale","Myctophidae","Benthosema","Pelagic-oceanic","Deep-water","mainly animals","selective plankton feeding",3,0.7,"None","NaOH","Visual","FTIR","yes","yes",NA,3997.17,NA,NA,69,47.0028,100.74,NA,NA,57.93,NA,NA,0.6812,1.46,NA
"365","Wieczorek et al.",2018,"Northwest Atlantic","Diaphus rafinesquii","Myctophidae","Diaphus","Bathypelagic","Deep-water","mainly animals","",3.4,0.7,"None","NaOH","Visual","FTIR","yes","yes",NA,2555.1,NA,NA,34,24.0006,39.1,NA,NA,75.15,NA,NA,0.7059,1.15,NA
"366","Wieczorek et al.",2018,"Northwest Atlantic","Gonostoma denudatum","Gonostomatidae","Gonostoma","Bathypelagic","Deep-water","mainly animals","",3.3,0.7,"None","NaOH","Visual","FTIR","yes","yes",NA,89.2,NA,NA,5,5,11,NA,NA,17.84,NA,NA,1,2.2,NA
"367","Wieczorek et al.",2018,"Northwest Atlantic","Lampanyctus macdonaldi","Myctophidae","Lampanyctus","Bathypelagic","Deep-water","mainly animals","hunting macrofauna",3.1,0.7,"None","NaOH","Visual","FTIR","yes","yes",NA,3893.44,NA,NA,16,12,28,NA,NA,243.34,NA,NA,0.75,1.75,NA
"368","Wieczorek et al.",2018,"Northwest Atlantic","Myctophum punctatum","Myctophidae","Myctophum","Bathypelagic","Deep-water","mainly animals","selective plankton feeding",3.4,0.7,"None","NaOH","Visual","FTIR","yes","yes",NA,5835.96,NA,NA,86,64.0012,196.08,NA,NA,67.86,NA,NA,0.7442,2.28,NA
"369","Wieczorek et al.",2018,"Northwest Atlantic","Serrivomer beanii","Serrivomeridae","Serrivomer","Bathypelagic","Deep-water","mainly animals","hunting macrofauna",3.9,0.7,"None","NaOH","Visual","FTIR","yes","yes",NA,6954.64,NA,NA,14,13.0004,33.04,NA,NA,496.76,NA,NA,0.9286,2.36,NA
"370","Wieczorek et al.",2018,"Northwest Atlantic","Stomias boa boa","Stomiidae","Stomias","Bathypelagic","Deep-water","mainly animals","hunting macrofauna",4,0.7,"None","NaOH","Visual","FTIR","yes","yes",NA,632.79,NA,NA,9,6.0003,11.97,NA,NA,70.31,NA,NA,0.6667,1.33,NA
